target,title,address,imgUrl,description,latitude,longitude,rating,reviews,phone,province,city,website,place_id
coffee,Tiệm cafe phía tây mặt trời - Specialty coffee Da Lat,12_6 Lê Văn Tám Phường 10 Thành phố Đà Lạt Lâm Đồng Việt Nam,https://lh5.googleusercontent.com/p/AF1QipO0ZE6oPmzyJisHIjlsPyP0UctR0PS1LDSt507D=w80-h142-k-no,,11.937173099999999,108.4544329,4.6,292,+84 772 277 444,Lâm đồng,Đà lạt,https://www.facebook.com/phiataymattroicafe,ChIJzeL-20QTcTERdN5YkW4pulk
coffee,coffee kem Bơ,162 Đường Bùi Thị Xuân Phường 2 Thành phố Đà Lạt Lâm Đồng Việt Nam,https://lh5.googleusercontent.com/p/AF1QipNdpP8duSfgUg1Cm14ppiW_kyxQMysVaYnRMdHX=w163-h92-k-no,,11.949067999999999,108.4391375,,,+84 96 454 42 12,Lâm đồng,Đà lạt,,ChIJI1XQowgTcTERxhTS-B-p0GQ
coffee,Proust Coffee - Specialty Coffee & Teapresso,83 Đường An Dương Vương Phường 2 Thành phố Đà Lạt Lâm Đồng 670000 Việt Nam,https://lh5.googleusercontent.com/p/AF1QipOm9SSqHQ8Z-u_tWs-0p5DVE-4xMTId-MeZrFOj=w137-h92-k-no,,11.954587799999999,108.435695,5,26,+84 94 586 88 08,Lâm đồng,Đà lạt,https://www.facebook.com/proustbykomorebi,ChIJt1CAlVcTcTEREHlI1MEw4Ok
coffee,NHIÊN - Coffee & Bakery,Lô Biệt Lập 34 Khu Quy Hoạch Yersin Phường 9 Thành phố Đà Lạt Lâm Đồng 670000 Việt Nam,https://lh5.googleusercontent.com/p/AF1QipPFCJcR1XpV5UQJ7TfuJWwjjHcN_h74or4T9JFb=w144-h92-k-no,,11.9453632,108.45420539999999,4.6,16,+84 90 954 91 33,Lâm đồng,Đà lạt,https://www.foody.vn/lam-dong/nhien-coffee-bakery,ChIJRbE6-fITcTERIQp-6FrnA0k
coffee,Bittersweet Coffee,5 Nguyễn Văn Trỗi Phường 1 Thành phố Đà Lạt Lâm Đồng Việt Nam,https://lh5.googleusercontent.com/p/AF1QipO1ODwMSJk33PA7q6durxBSukj4KXSRP9v-DEFf=w122-h92-k-no,,11.944355999999999,108.4359109,4.7,120,+84 94 368 01 84,Lâm đồng,Đà lạt,,ChIJv0I4oDkTcTERRCfEKj3FnNY
coffee,Kết Nối 2 coffee,211 Đường Hai Bà Trưng Phường 2 Thành phố Đà Lạt Lâm Đồng Việt Nam,https://lh5.googleusercontent.com/p/AF1QipORmuy8W6EyUWlzBBLpVIL8JDqdlacnAQ6qJzvt=w80-h142-k-no,,11.9482795,108.4334056,4,23,+84 90 231 09 90,Lâm đồng,Đà lạt,,ChIJ-4xsidQScTERWwoHUfKOO6o
coffee,Horizon Coffee,31/6 Đường 3/4 Phường 3 Thành phố Đà Lạt Lâm Đồng Việt Nam,https://lh5.googleusercontent.com/p/AF1QipN5HTMC2sGYZxV-aqqjVu9Tm3mSUfg6UEmdRUEn=w163-h92-k-no,,11.9238295,108.4484473,4.2,2959,+84 1900 633461,Lâm đồng,Đà lạt,https://m.facebook.com/horizondalat/,ChIJ_3HmQsMTcTERM_WaDP3Z1gU
coffee,Industry Coffee,201 Đ. Bùi Thị Xuân Phường 2 Thành phố Đà Lạt Lâm Đồng Việt Nam,https://lh5.googleusercontent.com/p/AF1QipMAUMnrgZ0YwUCK171HSOKpI1h2dIWb0FoDFzpy=w122-h92-k-no,,11.9523209,108.4393267,5,2,+84 93 322 19 13,Lâm đồng,Đà lạt,,ChIJvxjUbx8TcTERlW3-uA0LM3E
coffee,The B Coffee and Specialties,41C Đường Trần Khánh Dư Phường 8 Thành phố Đà Lạt Lâm Đồng Việt Nam,https://lh5.googleusercontent.com/p/AF1QipPXYia0kioUNbTi8psFTpQK1SRcpIor06u4YQTJ=w80-h106-k-no,,11.9630605,108.44209049999999,4.8,5,+84 98 808 81 30,Lâm đồng,Đà lạt,,ChIJtfbU-oQTcTER-eMqm94jPjY
coffee,Cà Phê Amelie,18/3 Lê Văn Tám Phường 10 Thành phố Đà Lạt Lâm Đồng 670000 Việt Nam,https://lh5.googleusercontent.com/p/AF1QipNOrZVEvQN1RMEphUhSLfnp6dvVp0NnkzjldWN0=w80-h171-k-no,,11.937337999999999,108.4553797,5,55,+84 848 360 538,Lâm đồng,Đà lạt,https://www.facebook.com/ameliecafeandteashop?mibextid=LQQJ4d,ChIJq0VExc4TcTERAsyOeanTtLg
coffee,ToNgo Coffee,1 Hoàng Hoa Thám Phường 10 Thành phố Đà Lạt Lâm Đồng Việt Nam,https://lh5.googleusercontent.com/p/AF1QipNyebePGZTx1Kjp2ZwEF0li_U_6U7Iy_9vdgR1I=w80-h106-k-no,,11.9386118,108.4625705,4.9,107,+84 332 251 079,Lâm đồng,Đà lạt,,ChIJo_lcrf8TcTERHuAKNnjADDg
coffee,The F coffee,16 Đường Trương Công Định Phường 1 Thành phố Đà Lạt Lâm Đồng 670000 Việt Nam,https://lh5.googleusercontent.com/p/AF1QipN7P1oTVItzziqzm0powX7dy8nIE2cmAAJJnULq=w80-h106-k-no,,11.9435556,108.4352608,4.1,9,+84 90 822 24 06,Lâm đồng,Đà lạt,https://www.facebook.com/profile.php?id=100046353020570,ChIJRSv1C4ETcTERAA9m4D4BnR8
coffee,Zalo Coffee,242 Phan Đình Phùng Phường 2 Thành phố Đà Lạt Lâm Đồng Việt Nam,https://lh5.googleusercontent.com/p/AF1QipP5mCdMdzhFH7FqbrssWrVCzBUtsLRo7d41afNS=w122-h92-k-no,,11.9494989,108.43515149999999,4.2,68,+84 91 342 86 39,Lâm đồng,Đà lạt,https://www.facebook.com/zalocoffeedalat/,ChIJP1jeINYScTERvunJvqjpw68
coffee,The Sun Coffee,01 Bis Đường Nhà Chung Phường 3 Thành phố Đà Lạt Lâm Đồng Việt Nam,https://lh5.googleusercontent.com/p/AF1QipPqd5EdlYKcdPuOA8OV0zwS2LlExSfHPlzaOEVC=w80-h106-k-no,,11.936484,108.43860529999999,4.2,18,+84 94 222 15 62,Lâm đồng,Đà lạt,https://www.facebook.com/thesuncoffeedalat/,ChIJJ82pUg0TcTERWgeiEyC3qKE
coffee,Tiệm Cà Phê Trứng Cô Ba - nhà Táo,105 Đường Hai Bà Trưng Phường 6 Thành phố Đà Lạt Lâm Đồng 670000 Việt Nam,https://lh5.googleusercontent.com/p/AF1QipM_YH36_HZ2bubGw9Pe2TDZFNB3WKHDAqWI2WCt=w130-h92-k-no,,11.945029199999999,108.43307229999999,4.4,356,+84 94 520 90 79,Lâm đồng,Đà lạt,http://cobacaphedalat.com/,ChIJO8pnG7ATcTER2zNICgdwTPs
coffee,Still cafe,59 Nguyễn Trãi Phường 9 Thành phố Đà Lạt Lâm Đồng 66111 Việt Nam,https://lh5.googleusercontent.com/p/AF1QipPwcIcNI6edl-uYGJ9ZQnkt9G4BcHkq3uzXEgNS=w92-h92-k-no,,11.9443445,108.4543587,4.5,1775,+84 344 626 702,Lâm đồng,Đà lạt,https://stillcafe.business.site/,ChIJawxt4R4TcTERR3yVdgtMhbI
coffee,The Green Coffee,144 Xô Viết Nghệ Tĩnh Phường 7 Thành phố Đà Lạt Lâm Đồng Việt Nam,https://lh5.googleusercontent.com/p/AF1QipNiZTgn2wvhYz8Dy3XTbrHeHrafV8mMniqhvv6T=w163-h92-k-no,,11.9622627,108.43362239999999,4.5,4,+84 90 233 72 04,Lâm đồng,Đà lạt,,ChIJZWWhdc4ScTERq_CmtmLE_T0
coffee,Coffee SoDamilk tea,Hẻm 66 Nguyễn Công Trứ Phường 2 Thành phố Đà Lạt Lâm Đồng Việt Nam,,,11.9543267,108.44000369999999,,,+84 96 545 00 30,Lâm đồng,Đà lạt,,ChIJXZ1Az6kTcTER1-d66_9MEFY
coffee,Đi Coffee House,Đối diện 64 Đ. Nam Hồ Phường 11 Thành phố Đà Lạt Lâm Đồng Việt Nam,https://lh5.googleusercontent.com/p/AF1QipMRif2t626JngbEDasBMVI2HSpcVlwt_69iypUQ=w138-h92-k-no,,11.9498649,108.478771,4.6,23,+84 96 998 93 72,Lâm đồng,Đà lạt,https://sites.google.com/view/dicoffe/%C4%91i-coffe,ChIJSWUgj8gTcTER_Jc_blF7Q0Y
coffee,Milano Coffee,12 Đường Hai Bà Trưng Phường 6 Thành phố Đà Lạt Lâm Đồng Việt Nam,https://lh5.googleusercontent.com/p/AF1QipPS8o0PnRkVrTyxy_ONJozk3XAr7aoY7xjvF_br=w80-h106-k-no,,11.943838099999999,108.4329751,3.9,71,+84 263 3602 012,Lâm đồng,Đà lạt,,ChIJB4lXBiwTcTER_ndTSJrTPlk
coffee,COFFEE BEAN SAIGON,99 Phan Bội Châu Phường 1 Thành phố Đà Lạt Lâm Đồng Việt Nam,,,11.9438338,108.43866849999999,,,,Lâm đồng,Đà lạt,,ChIJbYk3VfETcTERNdj8lTmtOnA
coffee,Woodstock coffee - Đà Lạt,80 Đ��ờng Bùi Thị Xuân Phường 2 Thành phố Đà Lạt Lâm Đồng Việt Nam,https://lh5.googleusercontent.com/p/AF1QipMp9Lp8c1lDsN0Eq8tR3WrZhrW44B94y7Pm6n7C=w138-h92-k-no,,11.946639,108.4406813,4.4,1136,+84 93 334 04 03,Lâm đồng,Đà lạt,https://www.facebook.com/woodstockdalat/,ChIJG6SzzicTcTERucIZytNREEo
coffee,Cà Phê 139 (139 Coffee),XC6V+X4J Đường Trần Khánh Dư Phường 8 Thành phố Đà Lạt Lâm Đồng Việt Nam,https://lh5.googleusercontent.com/p/AF1QipPTZbOoYzvxrVQBBLqw3106siSmu95zj6Cg-6wm=w163-h92-k-no,,11.962466,108.44276149999999,4.3,3,,Lâm đồng,Đà lạt,,ChIJm0wQX60TcTER-BVX37YIYUU
coffee,Xuân Sơn Coffee,67 Đường Mê Linh Phường 9 Thành phố Đà Lạt Lâm Đồng Việt Nam,https://lh5.googleusercontent.com/p/AF1QipM0tx5k3bEBrfXAq33or5zLazt6wjS94Bgso2RF=w80-h106-k-no,,11.9611471,108.471283,3.9,7,,Lâm đồng,Đà lạt,,ChIJx_i-1-wTcTERfuSdqn7VRiU
coffee,The Dome Coffee & Tea,118 Nguyễn Công Trứ Phường 8 Thành phố Đà Lạt Lâm Đồng 670000 Việt Nam,https://lh5.googleusercontent.com/p/AF1QipN0SAAVD3-aoVOnBL3aeNSrQ-SHqq98prlsKB9N=w80-h106-k-no,,11.956531199999999,108.4393279,4.8,54,+84 775 090 123,Lâm đồng,Đà lạt,https://www.facebook.com/thedomecoffee,ChIJV73ox1ETcTEROQ12fXo9Pxs
coffee,Coffee Nắng lạnh,03bis Trần Hưng Đạo Phường 3 Thành phố Đà Lạt Lâm Đồng Việt Nam,https://lh5.googleusercontent.com/p/AF1QipN3jLzQR2yr-HlzySw-terNusIYV_Voj4Eja1AX=w80-h142-k-no,,11.9369775,108.4435444,4.6,34,+84 93 850 70 79,Lâm đồng,Đà lạt,,ChIJ-9AQ80ITcTERau49aCsM0nc
coffee,Ty Coffee,Hẻm 38 Đ. Trần Phú Phường 4 Thành phố Đà Lạt Lâm Đồng Việt Nam,https://lh5.googleusercontent.com/p/AF1QipO-X5b8fp6xYVnvochzyFChItMmYY-k5c3J9TAH=w80-h142-k-no,,11.936610199999999,108.4324305,4.4,7,,Lâm đồng,Đà lạt,,ChIJOTB8nZ0TcTERjHbsmlAzkn0
coffee,ATISO COFFEE,11 Đường Nguyễn Trung Trực Phường 3 Thành phố Đà Lạt Lâm Đồng 66000 Việt Nam,https://lh5.googleusercontent.com/p/AF1QipMITgS5Llmb6j5pGcMgU2wgwjtr5QzESdbUxgJV=w163-h92-k-no,,11.9302303,108.43269559999999,5,2,+84 90 277 97 47,Lâm đồng,Đà lạt,,ChIJYVBmuzATcTERyYzSWaRFvt4
coffee,Havana Coffee & Cakes,Hẻm 202 Phan Đình Phùng Phường 2 Thành phố Đà Lạt Lâm Đồng Việt Nam,https://lh5.googleusercontent.com/p/AF1QipP9b46fgc1xFl1EtghfbVgTPDdVjAF523r-KswJ=w122-h92-k-no,,11.9490176,108.43722149999999,4.3,3,+84 93 322 55 59,Lâm đồng,Đà lạt,,ChIJ6VTVq0cTcTEROWxQvIzWp2o
coffee,Milano Coffee House,158 Nguyễn Công Trứ Phường 8 Thành phố Đà Lạt Lâm Đồng Việt Nam,https://lh5.googleusercontent.com/p/AF1QipMPKyQv7fXgwy8L1AtayJpWii3OvRy1CDde5SpA=w80-h106-k-no,,11.9565979,108.4377727,4,354,+84 328 995 018,Lâm đồng,Đà lạt,,ChIJV5du7tAScTERCqhepEg-GzI
coffee,Ixora Tea Coffee,Phường 3 Tp. Đà Lạt Lâm Đồng Việt Nam,https://lh5.googleusercontent.com/p/AF1QipMTUFy_zgfwGihebvfYDkG8IsdCinChyvv-d5dO=w80-h107-k-no,,11.928969799999999,108.44823389999999,5,1,,Lâm đồng,Đà lạt,,ChIJ-2ImBz8TcTERWBafVxjfklA
coffee,Nhà Lồng Coffee,6A Trần Hưng Đạo Phường 3 Thành phố Đà Lạt Lâm Đồng 670000 Việt Nam,https://lh5.googleusercontent.com/p/AF1QipNCqLwEAL72bNK2e7m2fxGPwAkk-_ApPGDnbsUz=w122-h92-k-no,,11.9363459,108.44421829999999,4.7,1125,+84 97 432 42 43,Lâm đồng,Đà lạt,https://nha-long-green-house.business.site/,ChIJAasYgEATcTERB7rxd1bvPDc
coffee,Xuân Hương Garden Coffee,01 Đ. Trần Quốc Toản Phường 1 Thành phố Đà Lạt Lâm Đồng Việt Nam,https://lh5.googleusercontent.com/p/AF1QipNABZHdGKdqZB3AZwoEHTLcJRMEa0aayRJqBZC2=w122-h92-k-no,,11.943674999999999,108.44963829999999,4.2,1347,+84 98 650 40 60,Lâm đồng,Đà lạt,https://www.facebook.com/xuanhuongcoffeedalat/,ChIJ67EakiETcTERwT4S0DjwAe0
coffee,Beba The Coffee Van,Bãi đậu xe ven hồ Đ. Trần Quốc Toản Xuân Hương Thành phố Đà Lạt Lâm Đồng 670000 Việt Nam,https://lh5.googleusercontent.com/p/AF1QipNaRGFa8UpzUlET5wtq2gP0vUm5GTet5s3_VxzH=w80-h106-k-no,,11.943086,108.4461922,4.8,38,+84 869 672 904,Lâm đồng,Đà lạt,http://instagram.com/beba.thecoffeevan,ChIJrZPpd6ATcTERcBiVg9ypYoc
coffee,GoAllDay Coffee,Đ. Nguyễn Chí Thanh Phường 1 Thành phố Đà Lạt Lâm Đồng Việt Nam,https://lh5.googleusercontent.com/p/AF1QipM_t4vnaeQ87T3Zvy5s3RSleq-wzlRk9YOzULNI=w122-h92-k-no,,11.942432199999999,108.4360092,,,+84 91 154 49 50,Lâm đồng,Đà lạt,https://www.facebook.com/profile.php?id=100076548246178&mibextid=LQQJ4d,ChIJJWR5LT8TcTER2GLsI_IS-I8
coffee,Khói Coffee,130 Lý Nam Đế Phường 8 Thành phố Đà Lạt Lâm Đồng Việt Nam,https://lh5.googleusercontent.com/p/AF1QipOLr8XkS_3WT8iFlonwcldVPZt7z1AvTIELJryX=w80-h100-k-no,,11.9637392,108.4424272,,,+84 849 661 189,Lâm đồng,Đà lạt,,ChIJGe7dAu4TcTERuhfcPQb99Fc
coffee,Windmills Coffee,133 Phan Đình Phùng Phường 2 Tp. Đà Lạt Lâm Đồng Việt Nam,https://lh5.googleusercontent.com/p/AF1QipNCxMZ5fSVFsh-UiaIZyH_XOIH52ZczWNB62JrI=w80-h106-k-no,,11.9449475,108.4345645,4.4,623,+84 828 713 102,Lâm đồng,Đà lạt,,ChIJf5T_QykTcTERO2HRav1iGgw
coffee,Coffee,232 Đ. Bùi Thị Xuân Phường 2 Thành phố Đà Lạt Lâm Đồng Việt Nam,,,11.9521006,108.4394416,,,,Lâm đồng,Đà lạt,,ChIJH5E8ftcScTERP3L4L1VTaHQ
coffee,cloud9 coffee đà lạt,28 Ba Tháng Hai Phường 1 Thành phố Đà Lạt Lâm Đồng Việt Nam,,,11.9428711,108.43501979999999,,,,Lâm đồng,Đà lạt,,ChIJnWqN68MTcTER_aU88uMKmmc
coffee,Caliente Coffee,14 Đường Phù Đổng Thiên Vương Phường 8 Thành phố Đà Lạt Lâm Đồng Việt Nam,https://lh5.googleusercontent.com/p/AF1QipNJ_Jts4H_sxvAiP1nB1Ryhh9-VC1DgNVLEdiQ3=w80-h106-k-no,,11.9561225,108.4417321,5,7,+84 93 359 00 68,Lâm đồng,Đà lạt,,ChIJD2BxansTcTER5NEcnsc58RE
coffee,MAP Coffee,D10 Đường Bà Triệu Phường 4 Thành phố Đà Lạt Lâm Đồng Việt Nam,https://lh5.googleusercontent.com/p/AF1QipNOazXhB6eNV3JaxWfdLWjpcuJjOSP9l5_GMpl8=w135-h92-k-no,,11.9377999,108.43273669999999,4.6,14,+84 93 302 19 21,Lâm đồng,Đà lạt,,ChIJqZ5pEDITcTERBLQZotm2-k0
coffee,Cafe An - an coffee,272 Đường Hai Bà Trưng Phường 6 Thành phố Đà Lạt Lâm Đồng 670000 Việt Nam,https://lh5.googleusercontent.com/p/AF1QipO4Vqdu8haoB84wmz-4McOUorqGDk8MdLLV7OlC=w80-h94-k-no,,11.9500426,108.43258619999999,4.4,239,+84 90 913 73 22,Lâm đồng,Đà lạt,https://www.facebook.com/ancoffeedalat/,ChIJ8xXTyBETcTERVBc1bJxk_5o
coffee,V Coffee,Lô H65 Khu quy hoạch Nguyễn Thị Nghĩa Phường 2 Thành phố Đà Lạt Lâm Đồng Việt Nam,https://lh5.googleusercontent.com/p/AF1QipPtUQCoZ6ypA0qEEsYUvVmkID2yvoYdP8ocuwpE=w122-h92-k-no,,11.948613499999999,108.4404371,5,3,+84 91 616 60 61,Lâm đồng,Đà lạt,,ChIJn6szr6ITcTER4vtJnAaIkzc
coffee,Home Coffee,4 Cô Giang Phường 9 Thành phố Đà Lạt Lâm Đồng Việt Nam,https://lh5.googleusercontent.com/p/AF1QipP7iyR3hEEkNncOOBx49mZNjwS8j7i0METnWlqg=w80-h142-k-no,,11.948209199999999,108.4570981,3.9,113,+84 263 3824 534,Lâm đồng,Đà lạt,,ChIJrTPj9SoTcTEREaOlzim8x6k
coffee,The Green Coffee - Nguyên Tử Lực,129 Đường Nguyên Tử Lực Phường 8 Thành phố Đà Lạt Lâm Đồng Việt Nam,https://lh5.googleusercontent.com/p/AF1QipNxyYni9t-FGlfYjlhn-bZk2ReuM-TjVAolM6QE=w80-h106-k-no,,11.9671866,108.4528362,3.8,9,+84 96 567 54 60,Lâm đồng,Đà lạt,,ChIJQ93Z6QYTcTERdAVkxpVp6Q4
coffee,Sunset Horizon Coffee,Phường 11 Thành phố Đà Lạt Lâm Đồng Việt Nam,https://lh5.googleusercontent.com/p/AF1QipPuWCYV3aiapu3gsVRkuSroZvuBAU2W4ngINqw=w122-h92-k-no,,11.9378274,108.48399049999999,4.8,12,+84 888 821 231,Lâm đồng,Đà lạt,,ChIJiQbmJnsTcTERqsPY5aQdRzc
coffee,Coffee Vườn Nhà,Hẻm 31 Phường 3 Thành phố Đà Lạt Lâm Đồng 66000 Việt Nam,https://lh5.googleusercontent.com/p/AF1QipNZOtB4-tYaVFZc3ruiSiUre1UJ8JE5WMcmTKY=w80-h106-k-no,,11.9192781,108.45018759999999,5,28,+84 263 3988 407,Lâm đồng,Đà lạt,,ChIJrWD9jqkTcTERe0YeHyE7_oo
coffee,Mến Coffee,27 Yersin Phường 10 Thành phố Đà Lạt Lâm Đồng 66000 Việt Nam,https://lh5.googleusercontent.com/p/AF1QipOxRrF41W8a0s8TsHMSvWIUqQfroCWflYiKk0U6=w92-h92-k-no,,11.943600199999999,108.4515325,4.5,32,+84 97 738 30 72,Lâm đồng,Đà lạt,https://cafedalat.net/,ChIJ5W9UecoTcTERxXZ_WxqPo-w
coffee,Khôi Coffee,66 Đ. Nguyễn Đình Chiểu Phường 9 Thành phố Đà Lạt Lâm Đồng 670000 Việt Nam,https://lh5.googleusercontent.com/p/AF1QipPd6jwye_WAF5cAZxQ6C24s7wNlASGX0P2BDu08=w122-h92-k-no,,11.9505737,108.46138119999999,5,1,+84 97 323 78 81,Lâm đồng,Đà lạt,,ChIJaZGyzeYTcTER5HCcF0DPA5g
coffee,Tuấn Coffee Shop,143 Đường Hai Bà Trưng Phường 6 Thành phố Đà Lạt Lâm Đồng Việt Nam,https://lh5.googleusercontent.com/p/AF1QipObJut9MtNHN_jTlC4fgubj2m6r_6zWfqz2bRgl=w122-h92-k-no,,11.9459805,108.43337419999999,4.7,3,+84 91 409 92 79,Lâm đồng,Đà lạt,https://www.foody.vn/lam-dong/tuan-coffee,ChIJq01M2CsTcTERY6S-OhpMijs
coffee,VOIDO COFFEE (Quang Trung),42 Quang Trung Phường 9 Thành phố Đà Lạt Lâm Đồng Việt Nam,,,11.947253499999999,108.45942339999999,,,+84 879 266 431,Lâm đồng,Đà lạt,https://voido.coffee/,ChIJO8qs3IkTcTER8HLCYJLnxT8
coffee,Roly Poly - Coffee & BBQ,18/2 Đường Khởi Nghĩa Bắc Sơn Phường 10 Thành phố Đà Lạt Lâm Đồng 66000 Việt Nam,https://lh5.googleusercontent.com/p/AF1QipO102uraBDgIpp5hRDAssPIabIC2P0X7gNKoc83=w80-h106-k-no,,11.934650699999999,108.4506966,4.6,102,+84 333 092 568,Lâm đồng,Đà lạt,https://www.facebook.com/rolypolydalat,ChIJsQUxXz0TcTERbeX_3UDYswY
coffee,Windmills coffee Bùi Thị xuân,185a Đường Bùi Thị Xuân Phường 2 Thành phố Đà Lạt Lâm Đồng Việt Nam,https://lh5.googleusercontent.com/p/AF1QipNxbAEihLvKmQ4xwJWjdMFGMKpDSO3Cy3xgRBnT=w163-h92-k-no,,11.9493622,108.4386511,4.6,216,+84 93 244 94 40,Lâm đồng,Đà lạt,https://www.foody.vn/lam-dong/windmills-nha-9-canh,ChIJzWY2HC8TcTER8ByqspVpcHc
coffee,Calm coffee,4 Đường Triệu Việt Vương Phường 4 Thành phố Đà Lạt Lâm Đồng Việt Nam,https://lh5.googleusercontent.com/p/AF1QipPWmILDzT_GbIv_61cIqN6YHmfllw2uaMXYqq_e=w122-h92-k-no,,11.9309558,108.4314651,5,2,+84 263 3570 570,Lâm đồng,Đà lạt,,ChIJKToD2TsTcTER89wNEIZ4Oug
coffee,Gió Coffee,76 Đường Trần Quang Khải Phường 8 Thành phố Đà Lạt Lâm Đồng 67000 Việt Nam,https://lh5.googleusercontent.com/p/AF1QipOAjlVpiwNBs39LJFHgprmpUzzoWQpUTp6Hghkm=w80-h106-k-no,,11.969859099999999,108.4453659,4.7,3,+84 838 880 116,Lâm đồng,Đà lạt,https://m.facebook.com/giocoffee/,ChIJd_zca84TcTERNCWtQfqEZ5Y
coffee,Green Box Coffee,85 Xô Viết Nghệ Tĩnh Phường 7 Thành phố Đà Lạt Lâm Đồng Việt Nam,https://lh5.googleusercontent.com/p/AF1QipMblefS5RebXxO5NhSkjacxp2dDWNAC91pR5CBK=w80-h106-k-no,,11.9640313,108.43114109999999,4.5,422,+84 353 317 362,Lâm đồng,Đà lạt,http://www.facebook.com/greenboxdlvn,ChIJlRwRldEScTERtwMmI2P-gV4
coffee,Milano coffee,201 Đường Phù Đổng Thiên Vương Phường 8 Thành phố Đà Lạt Lâm Đồng Việt Nam,https://lh5.googleusercontent.com/p/AF1QipOFK-Swx71tU-XvXyjOizWlOgklsv9MBmOO-s8Y=w80-h106-k-no,,11.968653699999999,108.4455749,3.9,87,,Lâm đồng,Đà lạt,,ChIJT7VyJsQScTERVAZQMIk4r94
coffee,Mộc Anh Châu coffee garden,48 Đường Võ Trường Toản Phường 8 Thành phố Đà Lạt Lâm Đồng Việt Nam,https://lh5.googleusercontent.com/p/AF1QipNtwfyEvjgHHf6-k2IyNMaPrhjHvWvYCT9Xk4Gn=w122-h92-k-no,,11.959488,108.44752849999999,4.6,8,+84 98 731 14 33,Lâm đồng,Đà lạt,https://www.facebook.com/mocanhchaucoffee,ChIJWxJB--ITcTERJYDRL6H0T1U
coffee,Grit Coffee,73 Phan Đình Phùng Phường 1 Thành phố Đà Lạt Lâm Đồng 10000 Việt Nam,https://lh5.googleusercontent.com/p/AF1QipNT3c40VaRccUfvMHvTJCdXoS2TJOfPvdFjEpzg=w80-h142-k-no,,11.943407599999999,108.4338612,5,4,,Lâm đồng,Đà lạt,,ChIJWY1RR-wTcTERxcOKW0rfv5k
coffee,Vườn Sen (Succulents & Coffee),73 Đường Cao Bá Quát Phường 7 Thành phố Đà Lạt Lâm Đồng Việt Nam,https://lh5.googleusercontent.com/p/AF1QipPVcpdURZLs690QkVJEsTJ8n-qiMmiCaTszQ0yz=w80-h106-k-no,,11.962434799999999,108.43195759999999,4.7,184,+84 91 944 83 63,Lâm đồng,Đà lạt,https://www.facebook.com/VuonSenCafe/,ChIJ8375_n0TcTERf_KnBIjhK4E
coffee,Take away coffee,Số 4A Hẻm Đống Đa Phường 3 Thành phố Đà Lạt Lâm Đồng Việt Nam,https://lh5.googleusercontent.com/p/AF1QipPl5216dWHW-2I67wqoYTm0VXYjmaSxags4EGhB=w122-h92-k-no,,11.924841299999999,108.44697479999999,3,1,,Lâm đồng,Đà lạt,,ChIJBya7o7gTcTERf6M6YCFcUFM
coffee,Le J' cafe,Hẻm 51 Yersin P.10 Thành phố Đà Lạt Lâm Đồng 670000 Việt Nam,https://lh5.googleusercontent.com/p/AF1QipMCYSfugVOrUToAGVciNGK4i0fWcGnIea9ug5Yo=w80-h106-k-no,,11.9422561,108.45164869999999,4.8,72,,Lâm đồng,Đà lạt,http://lejcafe.com/,ChIJJxprLIQTcTERofArpAanDL4
coffee,Via Ny Coffee And Tea House,154 Phan Đình Phùng Phường 2 Thành phố Đà Lạt Lâm Đồng Việt Nam,,,11.947365,108.4359444,,,,Lâm đồng,Đà lạt,,ChIJL-BOsCkTcTERdv5y9erCr_M
coffee,The Green Coffee - Hai Ba Trung,334 Đường Hai Bà Trưng Phường 2 Thành phố Đà Lạt Lâm Đồng Việt Nam,https://lh5.googleusercontent.com/p/AF1QipNLcggHRr4YklbjXvUp3_zp7wk9ewP9diAoPrMe=w80-h142-k-no,,11.9530972,108.43107339999999,4.7,25,+84 90 809 11 00,Lâm đồng,Đà lạt,http://thegreencoffee.vn/,ChIJvzNuKRkTcTERLRrSBPQPo_w
coffee,Cattleya Coffee,9 Tương Phố Phường 9 Thành phố Đà Lạt Lâm Đồng 670000 Việt Nam,https://lh5.googleusercontent.com/p/AF1QipM6DI1FZt9TCnxIiN5GbCpeDHwREme52HAMFNYZ=w80-h106-k-no,,11.9470013,108.46178239999999,3.9,31,,Lâm đồng,Đà lạt,,ChIJPzM_bY0TcTERO2SztnkOazM
coffee,Highlands Coffee,1 Đường Hai Bà Trưng Phường 6 Thành phố Đà Lạt Lâm Đồng 670000 Việt Nam,https://lh5.googleusercontent.com/p/AF1QipMzWS5pUlVhLWXl-6MXbdaWNPDIea_nzJIxIw_B=w122-h92-k-no,,11.942618099999999,108.4312046,4.2,680,,Lâm đồng,Đà lạt,https://highlandscoffee.com.vn/,ChIJT8U5VGQTcTER1eL0VdkTB-w
coffee,26 Coffee,26 Nguyễn Văn Trỗi Phường 2 Thành phố Đà Lạt Lâm Đồng Việt Nam,https://lh5.googleusercontent.com/p/AF1QipOzpdujLzl6qDYdJmq-2K7vzfHLGx5Ax9qfLdgW=w80-h106-k-no,,11.9453546,108.4356413,5,2,,Lâm đồng,Đà lạt,,ChIJ80yhFykTcTERtGLHDLFqEYI
coffee,Sắc Màu Coffee,Phường 12 Tp. Đà Lạt Lâm Đồng Việt Nam,https://lh5.googleusercontent.com/p/AF1QipOUAVDvihEN1-fsFNVi6plHuBog2hWm-0_3BCM9=w122-h92-k-no,,11.9675412,108.4752954,4,1,,Lâm đồng,Đà lạt,,ChIJfySE9l8ScTERhJw79XI8NIU
coffee,N8 coffee,23 Đ. Đào Duy Từ Phường 3 Thành phố Đà Lạt Lâm Đồng Việt Nam,https://lh5.googleusercontent.com/p/AF1QipM8wDPmIqAKf44TunM3XLzi7qqHoxaJ6Z8X_8na=w80-h142-k-no,,11.9349555,108.4339292,5,5,+84 98 388 68 96,Lâm đồng,Đà lạt,,ChIJyzGJ53kTcTERxsoZ0tBGF0c
coffee,Milano Coffee,31 Đường Bùi Thị Xuân Phường 2 Thành phố Đà Lạt Lâm Đồng Việt Nam,https://lh5.googleusercontent.com/p/AF1QipPpM5KzDvPEOfGcfLXMW3iu4KFIO5ivmnVd6Z3V=w80-h106-k-no,,11.9445543,108.43960539999999,3.9,177,,Lâm đồng,Đà lạt,https://daily.milanocoffee.com.vn/listing/dai-ly-341-milano-da-lat/,ChIJlzwqHCYTcTER_HCMILn_KDU
coffee,Len's Coffee,7 Đ. Nguyễn Chí Thanh Phường 1 Thành phố Đà Lạt Lâm Đồng Việt Nam,https://lh5.googleusercontent.com/p/AF1QipMMjrtaSc_oTlyYLZL7VPhlfL-yK2tabi7xKMpI=w80-h106-k-no,,11.942124,108.436056,3.8,573,,Lâm đồng,Đà lạt,https://m.facebook.com/LensCafeRestaurant/,ChIJhRir5i4TcTERJIdYv8QKjy0
coffee,S coffee garden,96a Đ. Hùng Vương Phường 11 Thành phố Đà Lạt Lâm Đồng Việt Nam,https://lh5.googleusercontent.com/p/AF1QipN3FgeABI7tu_4Efj7oPRfbTgmYXow8JoBm5cT2=w122-h92-k-no,,11.947512399999999,108.4746267,,,+84 94 930 18 50,Lâm đồng,Đà lạt,,ChIJ045Sr-wTcTERtOALJxYjGVk
coffee,Thái châu pure coffee,WCQJ+5XQ Đường Bà Triệu Phường 1 Thành phố Đà Lạt Lâm Đồng Việt Nam,https://lh5.googleusercontent.com/p/AF1QipNrMf0J8U2mgyogq5eYFY2xV2cNnMw_K3qPHpVE=w204-h92-k-no,,11.937952399999999,108.4324875,4.7,3,,Lâm đồng,Đà lạt,,ChIJ3RUkSqgTcTERbINEXgfTYp0
coffee,HẺM coffee,14 Đường Mai Hoa Thôn Phường 2 Thành phố Đà Lạt Lâm Đồng Việt Nam,https://lh5.googleusercontent.com/p/AF1QipO8gYSd-0WPgIiYesxh3PlLqptIaP4C-ePlVmiJ=w138-h92-k-no,,11.950619399999999,108.4361526,5,4,+84 784 991 992,Lâm đồng,Đà lạt,,ChIJPa1-JF8TcTERPfvDwqmqyfI
coffee,9 Ball Coffee & Beer,WCHQ+GVH Phường 3 Thành phố Đà Lạt Lâm Đồng 670000 Việt Nam,https://lh5.googleusercontent.com/p/AF1QipO40QXdZj0fqYfRxZjODcAfMtOVdqYcufBUiWFP=w189-h92-k-no,,11.928802899999999,108.43972029999999,4.2,5,+84 774 817 735,Lâm đồng,Đà lạt,,ChIJ80ormlwTcTERmdT5Izx5dDI
coffee,Mây coffee,61Đường Mê Linh Đường Mê Linh Phường 9 Thành phố Đà Lạt Lâm Đồng Việt Nam,,,11.955485699999999,108.46944339999999,4.4,8,+84 263 3503 679,Lâm đồng,Đà lạt,,ChIJc62oKPkTcTERb3587pgm_3E
coffee,Dolly’s Coffee and Yarn,80B Đường Đống Đa Phường 3 Thành phố Đà Lạt Lâm Đồng Việt Nam,https://lh5.googleusercontent.com/p/AF1QipMh78Mqa-UtUMNjYRxHARTKfrXT4Vh3U5CId4bG=w80-h106-k-no,,11.9255854,108.4390371,,,+84 352 087 280,Lâm đồng,Đà lạt,,ChIJ40iYsAgTcTERO8pUkm2Xbyw
coffee,Coffee Văn Nghệ Dương Tùng,46 KQH Phan Đình Phùng Đà Lạt Nguyễn Công Trứ Phường 2 Thành phố Đà Lạt Lâm Đồng Việt Nam,https://lh5.googleusercontent.com/p/AF1QipOwqhUXIdrsfljfryseOfKUDlYTMMCizGN_SQeV=w163-h92-k-no,,11.954722799999999,108.4326617,4.3,26,+84 90 247 89 10,Lâm đồng,Đà lạt,http://facebook.com/vanngheduongtung,ChIJl4jFCNQScTER_3hd37QIB68
coffee,MOON TEA - Milktea & Coffee,94 Nguyễn Công Trứ Phường 8 Thành phố Đà Lạt Lâm Đồng Việt Nam,https://lh5.googleusercontent.com/p/AF1QipNF61y8_ZydZtNo53hAQxQ_wAW2ygqFg3HYj7If=w153-h92-k-no,,11.9561646,108.4399055,5,2,+84 91 894 26 96,Lâm đồng,Đà lạt,,ChIJzfqyR-UTcTER9fC-2YXIc5w
coffee,Khang Coffee,30 Nguyễn Công Trứ Phường 8 Thành phố Đà Lạt Lâm Đồng Việt Nam,https://lh5.googleusercontent.com/p/AF1QipMaos8C5LSSbl_SzBSP3dp3ny0XB1foW1qUokJc=w80-h106-k-no,,11.955088199999999,108.44141189999999,2.5,8,,Lâm đồng,Đà lạt,,ChIJ68GCmWETcTERUY19b66z76w
coffee,TiBi Mart & Coffee,36 Đ. Trần Phú Phường 4 Thành phố Đà Lạt Lâm Đồng 66000 Việt Nam,https://lh5.googleusercontent.com/p/AF1QipNb3CiUtsnAsyKsSj-Tyhv4FG0yzknHygOYed2m=w163-h92-k-no,,11.9360283,108.4319245,4.8,4,+84 98 341 47 03,Lâm đồng,Đà lạt,https://www.facebook.com/Tibi-Mart-Coffee-103637108054133/,ChIJg5LRZtETcTERHglkK6DGd_g
coffee,The 1989 Coffee,47 Đường Phù Đổng Thiên Vương Phường 8 Thành phố Đà Lạt Lâm Đồng Việt Nam,https://lh5.googleusercontent.com/p/AF1QipNghSL_If5oa8R7RpPXzd0laKBFV65tY2gbW7cE=w163-h92-k-no,,11.9562634,108.4423691,3.5,2,,Lâm đồng,Đà lạt,,ChIJ0_TA2fYTcTERISfit8jY87s
coffee,Ty Dâu Coffee & Tea,14A Đường Nhà Chung Phường 3 Thành phố Đà Lạt Lâm Đồng Việt Nam,https://lh5.googleusercontent.com/p/AF1QipPsraQk0GK3WxRVOCZbMYvnskrZIqEkfvCqhalH=w80-h106-k-no,,11.934548099999999,108.4374429,5,2,+84 327 916 073,Lâm đồng,Đà lạt,,ChIJsQFpXQwTcTERqya-BdHRsbs
coffee,Lavie En Rose Coffee & Tea,9 3 Tháng 4 Phường 3 Thành phố Đà Lạt Lâm Đồng Việt Nam,https://lh5.googleusercontent.com/p/AF1QipPLDY6i-51YzF4znCee5T4Y3tCMsVyE6X2rxqkL=w138-h92-k-no,,11.9268514,108.4476657,,,,Lâm đồng,Đà lạt,,ChIJLYgqfT8TcTERdtQ7pSIAyl4
coffee,Kangen - Coffee,24c Đường 3/4 Phường 3 Thành phố Đà Lạt Lâm Đồng Việt Nam,https://lh5.googleusercontent.com/p/AF1QipOaUdiyi590hqMw_dY5wPjXMwIk4dzWNya61ABT=w122-h92-k-no,,11.928036299999999,108.4474846,4.5,8,+84 93 708 12 82,Lâm đồng,Đà lạt,,ChIJGVnolTMTcTERKx3SdnOOPRk
coffee,Quán Coffee Đà Lạt 84,84C Đ. Nguyễn Chí Thanh Phường 1 Thành phố Đà Lạt Lâm Đồng Việt Nam,https://lh5.googleusercontent.com/p/AF1QipNBjdjmKiQ2HFjqv86hJAa_qDlGp_5S0T_0hnY6=w138-h92-k-no,,11.939742599999999,108.43505839999999,4.9,9,+84 98 442 72 62,Lâm đồng,Đà lạt,,ChIJXfKWFC4TcTER24CuIsnAFI4
coffee,Võ Hùng Coffee,6b Đường Nguyễn Thị Minh Khai Phường 1 Thành phố Đà Lạt Lâm Đồng Việt Nam,https://lh5.googleusercontent.com/p/AF1QipPvOpIb-19sSfKnT8QVRv1Mip8FDLu7lPez2iUH=w92-h92-k-no,,11.942221799999999,108.4372569,2.8,4,+84 98 733 22 52,Lâm đồng,Đà lạt,,ChIJN0paMC8TcTER1yWar7XsAVQ
coffee,White Tea & Coffee,282 Đ. Bùi Thị Xuân Phường 2 Thành phố Đà Lạt Lâm Đồng Việt Nam,https://lh5.googleusercontent.com/p/AF1QipMgQWTlkCrKeYiwOJojXinARa9se0L_h3hIW_yC=w137-h92-k-no,,11.9538203,108.441034,4.3,112,+84 798 882 288,Lâm đồng,Đà lạt,,ChIJQzQ2BqUTcTERouRfaG9f2QI
coffee,Coffee Kim Hương,WFX4+37W KQH Yersin Phường 9 Thành phố Đà Lạt Lâm Đồng Việt Nam,https://lh5.googleusercontent.com/p/AF1QipPtl1Tz12Jd0UAFnkaf-BGGI63ugrNc6cEvSElH=w122-h92-k-no,,11.9477327,108.45569479999999,4,1,,Lâm đồng,Đà lạt,,ChIJscS_IR4TcTERHPIk-cmKagw
coffee,Happy Coffee,15 Phan Đình Phùng Phường 1 Thành phố Đà Lạt Lâm Đồng Việt Nam,https://lh5.googleusercontent.com/p/AF1QipPbDmLZKyyDU1Fp_M6HAjHEGPYH-Jz8hOGDB9yC=w80-h106-k-no,,11.9423763,108.4334736,5,5,+84 352 800 660,Lâm đồng,Đà lạt,,ChIJG4kmfAMTcTERUYQZU5gCypI
coffee,Cafe Góc Nhỏ Đà Lạt,63 Đường Phù Đổng Thiên Vương Phường 8 Thành phố Đà Lạt Lâm Đồng 68000 Việt Nam,https://lh5.googleusercontent.com/p/AF1QipOkw0e2LA6oLa8vR5yoXCkpyofieCr_rnUWXfbW=w80-h106-k-no,,11.957059,108.44252,5,12,+84 378 526 623,Lâm đồng,Đà lạt,,ChIJz2txKnYTcTERQ9gg9LrDVZE
coffee,CHINTOL COFFEE & MILK TEA,109 Đường Bùi Thị Xuân Phường 2 Thành phố Đà Lạt Lâm Đồng Việt Nam,https://lh5.googleusercontent.com/p/AF1QipOEQFU1lhCRMx5YtgWF2XoU1S1PKzOof40TargS=w122-h92-k-no,,11.946728499999999,108.4403689,3.3,3,,Lâm đồng,Đà lạt,,ChIJAQ12zxATcTERoa_r58IUt3Y
coffee,Lululola Coffee + Cà Phê Accoustic Và VIew Đà Lạt,Đường 3/4 Phường 3 Thành phố Đà Lạt Lâm Đồng Việt Nam,https://lh5.googleusercontent.com/p/AF1QipOTnDXSplXGIlPLDhV1i1XSavRO1g6r636ezncU=w138-h92-k-no,,11.919983199999999,108.4421036,4.2,807,,Lâm đồng,Đà lạt,https://lululola-coffee-cafe-view-ep-nhat-a-lat.business.site/?utm_source=gmb&utm_medium=referral,ChIJX3Kz7EkTcTERFLUQaEgAj3s
coffee,Cối Xay Gió Homestay and Coffee,Mimosa Phường 10 Thành phố Đà Lạt Lâm Đồng Việt Nam,https://lh5.googleusercontent.com/p/AF1QipP1yXbe7sioRrfPm--yLMLWswtN97HRXQrpO9w2=w122-h92-k-no,,11.9107623,108.4605332,4.5,152,+84 763 806 878,Lâm đồng,Đà lạt,https://coixaygiohomestayandcoffee.business.site/?utm_source=gmb&utm_medium=referral,ChIJZdqCOj8TcTER-sWMDXknLCg
coffee,Nancy Cafe,WCWM+FJ2 Phường 2 Thành phố Đà Lạt Lâm Đồng Việt Nam,https://lh5.googleusercontent.com/p/AF1QipPznbsT-QyEpJ1eflTOE8DnfuEPUYCKmVsb0ax-=w80-h106-k-no,,11.946140999999999,108.4340031,5,3,,Lâm đồng,Đà lạt,,ChIJaZeHTGoTcTERcSgM5BvWuZE
coffee,Ruby Green - Coffee Đà Lạt,Đ. Trần Nhân Tông Phường 8 Thành phố Đà Lạt Lâm Đồng Việt Nam,https://lh5.googleusercontent.com/p/AF1QipMs2ySttZtYbrYZEfTNsqHVG2aCL-7Kc8wPuGQf=w80-h142-k-no,,11.9564569,108.4463828,4,12,+84 98 843 05 09,Lâm đồng,Đà lạt,https://www.facebook.com/coffeeshop.rubygreen,ChIJGVn56goTcTERxo4Yqpig6Ws
coffee,Cà phê Trang,131 Ba Tháng Hai Phường 1 Thành phố Đà Lạt Lâm Đồng Việt Nam,https://lh5.googleusercontent.com/p/AF1QipO2-zQU48HCsM5UczVSBxk6ulvoL56XS1lFNNUL=w163-h92-k-no,,11.9411428,108.432058,3.6,12,+84 91 977 88 79,Lâm đồng,Đà lạt,,ChIJj5W1sC0TcTERE6QUrS5HEBE
coffee,Melanin Coffee & Bar,260 Đường Phù Đổng Thiên Vương Phường 8 Thành phố Đà Lạt Lâm Đồng 66000 Việt Nam,https://lh5.googleusercontent.com/p/AF1QipO1tvjlbJRcVpNzL-FKFFRdg0IKTv5ZOYq3Fg22=w80-h106-k-no,,11.9710351,108.44148829999999,5,6,+84 98 378 09 04,Lâm đồng,Đà lạt,,ChIJsVzBVIITcTERiQQZ7qn30Ko
coffee,An Nhiên cà phê và trà thiền,Lô b1 Nguyễn Hữu Cảnh Tp. Đà Lạt Lâm Đồng 640000 Việt Nam,https://lh5.googleusercontent.com/p/AF1QipOx9i8K5vL8KjDB6RfRgw4r2tH5Mk0NoWLebZyQ=w92-h92-k-no,,11.969496,108.4406532,4.3,205,+84 345 683 731,Lâm đồng,Đà lạt,https://www.foody.vn/lam-dong/an-nhien-tea-coffee,ChIJm_fjwccScTERBE0bk6sOsGk
coffee,Quán cafe Coffee AN'Li,Cổng trại giam dã chiến Phường 11 Thành phố Đà Lạt Lâm Đồng Việt Nam,,,11.9384939,108.4828039,,,,Lâm đồng,Đà lạt,,ChIJuwdHNxITcTERwGpoaEXs4dQ
coffee,Thông ơi coffee,31 Đường 3/4 Phường 3 Thành phố Đà Lạt Lâm Đồng Việt Nam,https://lh5.googleusercontent.com/p/AF1QipPaZuk6JZf1oMZKt6Ak6ALR6AR_Ed6XlsZVEsg=w80-h106-k-no,,11.922740899999999,108.4468789,4.3,366,+84 857 506 538,Lâm đồng,Đà lạt,,ChIJFwqwFIUTcTERKChSusMNlgU
coffee,Cactus Coffee,1H Nam Kỳ Khởi Nghĩa Phường 1 Thành phố Đà Lạt Lâm Đồng 670000 Việt Nam,https://lh5.googleusercontent.com/p/AF1QipOSlFQda0W-AXy7GfvD32FoHSveGCO_wm0rLlzO=w80-h106-k-no,,11.942444,108.4356663,4.7,6,+84 97 152 55 84,Lâm đồng,Đà lạt,,ChIJrcj89LcTcTERoOzrJUX_CHY
coffee,KAFE 1984,1 Đ. Trần Phú Phường 3 Thành phố Đà Lạt Lâm Đồng Việt Nam,https://lh5.googleusercontent.com/p/AF1QipNqsZJ-taDodk3JOpH0qnlvfvu1CHJdYQ-ikZzm=w80-h106-k-no,,11.936178199999999,108.43347299999999,5,3,+84 90 994 67 07,Lâm đồng,Đà lạt,,ChIJR7CsLGQTcTERgm9Q55qyb4U
coffee,Milk Tea & Coffee Honey,WFR2+9MG 7 Yersin Phường 10 Thành phố Đà Lạt Lâm Đồng 67000 Việt Nam,https://lh5.googleusercontent.com/p/AF1QipN6w68ocSdvLd3072yW_umZDc0twl2vAOpPPnmI=w163-h92-k-no,,11.9409339,108.4516699,3.7,16,+84 97 211 13 72,Lâm đồng,Đà lạt,,ChIJHRJBmxgTcTERKVYr0898L9k
coffee,Napoli Coffee,107 Đường Phù Đổng Thiên Vương Phường 8 Thành phố Đà Lạt Lâm Đồng Việt Nam,https://lh5.googleusercontent.com/p/AF1QipMLFV0_MHqqTXAHfB1zMh5Xi11rVZ6yVMU2C6CD=w80-h106-k-no,,11.9611973,108.44250149999999,5,3,,Lâm đồng,Đà lạt,,ChIJkxVx4MQScTER31iRYgj9ZYs
coffee,UÔNG HOME COFFEE - TIỆM CAFE UÔNG GIÀ,Hẻm 71 Hoàng Hoa Thám Phường 10 Thành phố Đà Lạt Lâm Đồng Việt Nam,https://lh5.googleusercontent.com/p/AF1QipPr0tK08M6GMkLliFQENSDxKxSFkznlmf88r69A=w122-h92-k-no,,11.93511,108.464646,4.9,62,+84 90 315 80 03,Lâm đồng,Đà lạt,https://www.facebook.com/uonghomecoffee,ChIJg6W4H6cTcTEREr6PI3xS1jc
coffee,Maybe Blue Coffee,5 Đường Lê Hồng Phong Phường 4 Thành phố Đà Lạt Lâm Đồng Việt Nam,https://lh5.googleusercontent.com/p/AF1QipO4z2znaAX_4m2UM72z_slTG4YR5jbtg--BQEAo=w138-h92-k-no,,11.9341951,108.43153699999999,4.5,459,+84 91 858 38 98,Lâm đồng,Đà lạt,https://maybe-blue-coffee.business.site/,ChIJs1vAnzQTcTERhbQmfrNva5Q
coffee,LA COFFEE & MILK TEA(cafe Điếu cày),BL 8 Yersin Phường 10 Thành phố Đà Lạt Lâm Đồng Việt Nam,https://lh5.googleusercontent.com/p/AF1QipOgpTsdWow62XJ3lcjGCgSJjTTVxU1rT9GiCeDf=w95-h92-k-no,,11.947130999999999,108.45493499999999,4.9,20,+84 98 496 48 04,Lâm đồng,Đà lạt,,ChIJM4VoA0MTcTERS_zzQKhXhQ8
coffee,Q Coffee Roastery Dalat,305 Đ. Tô Ngọc Vân Phường 6 Thành phố Đà Lạt Lâm Đồng 670000 Việt Nam,https://lh5.googleusercontent.com/p/AF1QipNeGLuT7H6SSV43IwO0FmlVOGeoo_i0kSkH_Sjt=w80-h106-k-no,,11.9496912,108.4334726,4.9,153,+84 91 928 51 01,Lâm đồng,Đà lạt,,ChIJ-Zqq4qETcTER9NEliMq-Ei0
coffee,Vuông Tròn Coffee & Tea,110 Đường Phù Đổng Thiên Vương Phường 8 Thành phố Đà Lạt Lâm Đồng Việt Nam,https://lh5.googleusercontent.com/p/AF1QipNVScLKVq62bgCIUAFaHGNUAAZIUWoWe5zNttai=w122-h92-k-no,,11.9619397,108.44306999999999,4.8,13,+84 91 985 68 79,Lâm đồng,Đà lạt,,ChIJEYCrs5sTcTERaKD1thjCBlM
coffee,Là Việt Coffee,200 Nguyễn Công Trứ Phường 8 Thành phố Đà Lạt Lâm Đồng 66000 Việt Nam,https://lh5.googleusercontent.com/p/AF1QipNcn5_Et5M5yio6OEhksbyOE0i_ImD8cjOy7gia=w115-h92-k-no,,11.956792499999999,108.43509209999999,4.5,2619,+84 263 3981 189,Lâm đồng,Đà lạt,http://www.laviet.coffee/,ChIJuZxn7NAScTERQB4WFRsQ3Wk
coffee,Goodmorning Đà Lạt Coffee,Đèo Prenn Phường 3 Thành phố Đà Lạt Lâm Đồng Việt Nam,https://lh5.googleusercontent.com/p/AF1QipPCkj-5RvR6w09PmJ6K8MfBAhoUJfxLPRf5h6re=w122-h92-k-no,,11.9105981,108.45246519999999,4.8,4,+84 91 423 28 32,Lâm đồng,Đà lạt,,ChIJdTpd9ccTcTERSgNX7-4npVM
coffee,Phuc Long Coffee & Tea,28 Đ. Trần Phú Phường 3 Thành phố Đà Lạt Lâm Đồng Việt Nam,https://lh5.googleusercontent.com/p/AF1QipNcgvkB33oArWbeMmNOLai35nn1xUS-X5JuJQWt=w122-h92-k-no,,11.9361758,108.4327268,4.2,540,+84 263 3773 456,Lâm đồng,Đà lạt,https://phuclong.com.vn/,ChIJtXSpBroTcTERXsT5NQE1HHg
coffee,Chenh Coffee,WFPM+PC7 Unnamed Road Phường 11 Thành phố Đà Lạt Lâm Đồng Việt Nam,https://lh5.googleusercontent.com/p/AF1QipMcCrOPTKmM3niUBxixG_zxgILH_0FeNS7sfQA=w92-h92-k-no,,11.936798399999999,108.4835519,4.7,139,+84 96 697 40 14,Lâm đồng,Đà lạt,https://www.facebook.com/Chenhcafedalat/,ChIJAfaG7GQTcTERpA1JxqHXgcM
coffee,TONY'S COFFEE,Phường 2 Thành phố Đà Lạt Lâm Đồng Việt Nam,https://lh5.googleusercontent.com/p/AF1QipNFK3a-ts5cMHWCL9fXGZGv8DtpUFsD0AEMzUmF=w80-h106-k-no,,11.951813,108.4324444,4.8,4,+84 98 929 74 80,Lâm đồng,Đà lạt,,ChIJewsP2D8TcTERharvi6Kiwrw
coffee,Gốm Coffee House,City 117 Hoàng Hoa Thám Street Thành phố Đà Lạt Lâm Đồng 670000 Việt Nam,https://lh5.googleusercontent.com/p/AF1QipPlXG4X7vESaNProDW1JuU_Ytu0Ypk6v4YG1LL4=w80-h106-k-no,,11.935642,108.46504979999999,5,8,+84 97 970 12 34,Lâm đồng,Đà lạt,https://www.facebook.com/GomCoffeeHouse,ChIJoU9QKCETcTERgTogHfuvURY
coffee,Milano Coffee,12 Đ Phạm Ngũ Lão Phường 1 Thành phố Đà Lạt Lâm Đồng Việt Nam,https://lh5.googleusercontent.com/p/AF1QipONQ17Wy0lHwlZnOTRa31SXGt0NpCgz288ge9lF=w80-h106-k-no,,11.9379929,108.43581069999999,3.9,224,,Lâm đồng,Đà lạt,https://daily.milanocoffee.com.vn/listing/dai-ly-186-milano-da-lat/,ChIJqYUe0zETcTERSOqlimjGSks
coffee,Coffee Trang Hai Bà Trưng Đà Lạt,34 Đường Hai Bà Trưng Phường 6 Thành phố Đà Lạt Lâm Đồng 671544 Việt Nam,https://lh5.googleusercontent.com/p/AF1QipMXcUcSvhulH83M5IwxvPWUlTdpqOInUiXgDMDm=w80-h106-k-no,,11.943085,108.4325346,4.8,34,+84 96 656 78 39,Lâm đồng,Đà lạt,http://coffetrang.com/,ChIJCZKSQLUTcTERD1Y5v8l8faA
coffee,Kan Coffee,50 Đường Triệu Việt Vương Phường 3 Thành phố Đà Lạt Lâm Đồng Việt Nam,https://lh5.googleusercontent.com/p/AF1QipNgtZ_v6iN-rpCGqbQQPaT_E5QAVeot0WYFF-lH=w122-h92-k-no,,11.927863799999999,108.4322546,4.3,83,+84 263 6500 888,Lâm đồng,Đà lạt,,ChIJRcoU9DUTcTERTtZSj6Xrtpw
coffee,The Green Coffee - La Son Phu Tu,12B1 La Sơn Phu Tử Phường 2 Thành phố Đà Lạt Lâm Đồng Việt Nam,https://lh5.googleusercontent.com/p/AF1QipMOxmGrE_c34c3faVqq7aQEuWk2lEuKdIfYEzWr=w80-h106-k-no,,11.954122199999999,108.4312763,4.7,12,+84 90 809 11 00,Lâm đồng,Đà lạt,http://thegreencoffee.vn/,ChIJeeGbZdQScTERn4PM5E9CnUI
coffee,The Green Coffee - Ba Trieu,33 Đường Bà Triệu Phường 3 Thành phố Đà Lạt Lâm Đồng Việt Nam,https://lh5.googleusercontent.com/p/AF1QipOqDJQNnuJ30mlzKEHYcMiKNduhsPw6Rxd5L3Em=w122-h92-k-no,,11.937301,108.4339634,4.4,30,+84 90 809 11 00,Lâm đồng,Đà lạt,http://facebook.com/thegreencoffee.com.vn,ChIJJaKwCPYTcTER6iqHQbJnfTU
coffee,TS COFFEE,27 Ngô Gia Tự Phường 12 Thành phố Đà Lạt Lâm Đồng Việt Nam,https://lh5.googleusercontent.com/p/AF1QipPqvmmPTJ4X-Fq_2IFA0vIWEqUaBZEF3aAA0zdH=w124-h92-k-no,,11.9691242,108.475414,4.2,44,+84 97 721 01 23,Lâm đồng,Đà lạt,,ChIJo86kLGMScTERXkL8es5dI0s
coffee,Bad Day Coffee & Cake,40A Đường Trương Công Định Phường 1 Thành phố Đà Lạt Lâm Đồng 670000 Việt Nam,https://lh5.googleusercontent.com/p/AF1QipNfveE66iJ9oGR8sAjf55t9F5IJALtOfrzSNJFR=w80-h106-k-no,,11.9439233,108.43471,4.9,15,+84 792 192 465,Lâm đồng,Đà lạt,https://badday.net/,ChIJoWlUtjkTcTERSBSIRlqevoc
coffee,Quán Cà Phê F.Coffee,76-79KQH Nguyễn Công Trứ Phường 2 Thành phố Đà Lạt Lâm Đồng Việt Nam,https://lh5.googleusercontent.com/p/AF1QipORhiCJcpAzGpWmDlkxIQzYPJ7y6BWTknbCyLQr=w80-h106-k-no,,11.9545528,108.4326969,4.3,93,+84 263 3824 295,Lâm đồng,Đà lạt,,ChIJuRw3ZuUTcTER1SRm6hoAqhI
coffee,Kimochi coffee,4 Trần Quang Diệu Phường 10 Thành phố Đà Lạt Lâm Đồng 670000 Việt Nam,https://lh5.googleusercontent.com/p/AF1QipPe-d8rxaIs1p43hKgKYYux4E0m6KOw6PkdBB_P=w163-h92-k-no,,11.942878199999999,108.4676137,4.5,476,+84 384 942 154,Lâm đồng,Đà lạt,https://kimochicoffee.business.site/?utm_source=gmb&utm_medium=referral,ChIJaWfXbDMTcTERkeXOMmrK4aE
coffee,Truc coffee,70 Nguyễn Công Trứ Phường 2 Thành phố Đà Lạt Lâm Đồng Việt Nam,,,11.9546865,108.4329018,,,,Lâm đồng,Đà lạt,,ChIJyx9RzX4TcTERltMU5wRkyXM
coffee,De-Su Coffee Shop,109 Hẻm Bùi Thị Xuân Phường 2 Thành phố Đà Lạt Lâm Đồng Việt Nam,https://lh5.googleusercontent.com/p/AF1QipPYg_GBqJL2x7cx6mNXQP5WPlz5KEAEPuR7-P3Q=w92-h92-k-no,,11.9466939,108.44037189999999,4.1,26,+84 868 326 479,Lâm đồng,Đà lạt,,ChIJsarH-lwTcTEReXEGqN5-1H0
coffee,Tách coffee,66 Đ. Nguyễn Đình Chiểu Phường 9 Thành phố Đà Lạt Lâm Đồng Việt Nam,https://lh5.googleusercontent.com/p/AF1QipO_SrbTkA0Icec3XsUQPV-eaUW_Ip9S5FpxX0kb=w80-h106-k-no,,11.9505737,108.46138119999999,5,2,+84 96 416 23 66,Lâm đồng,Đà lạt,,ChIJZ1EJXRcTcTER3DgXN4A3eng
coffee,Coffee Wind,Đ. Trần Anh Tông Phường 8 Thành phố Đà Lạt Lâm Đồng Việt Nam,https://lh5.googleusercontent.com/p/AF1QipPXy5NeQcojjAxAP7kv8C-ChvqmclDk_bTY6zMa=w80-h106-k-no,,11.965662,108.4548451,3,1,,Lâm đồng,Đà lạt,,ChIJL0t2LRQTcTERfWv1EzdP05U
coffee,Natureside | Horus - Cafe & more,29B Hùng Vương Phường 11 Thành phố Đà Lạt Lâm Đồng 66118 Việt Nam,https://lh5.googleusercontent.com/p/AF1QipPenV8KBJiZL2pS8by_qspCh-R8mU2YO7bnP0GU=w137-h92-k-no,,11.9407456,108.48418149999999,4.8,171,+84 93 883 65 65,Lâm đồng,Đà lạt,https://www.facebook.com/natureside.real?mibextid=LQQJ4d,ChIJm9IiEtcTcTERNsDv1eIoZA4
coffee,The Green Coffee,48 Đ. Thủ Khoa Huân Phường 1 Thành phố Đà Lạt Lâm Đồng Việt Nam,,,11.940285,108.4340058,,,,Lâm đồng,Đà lạt,,ChIJj5s6cS4TcTERJx-GTHc1h7o
