target,title,address,imgUrl,description,latitude,longitude,rating,place_id
coffees,Sunset Horizon Coffee,Phường 11 Thành phố Đà Lạt Lâm Đồng Việt Nam,https://lh5.googleusercontent.com/p/AF1QipPuWCYV3aiapu3gsVRkuSroZvuBAU2W4ngINqw=w122-h92-k-no,,11.9378274,108.48399049999999,4.8,ChIJiQbmJnsTcTERqsPY5aQdRzc
coffees,TS COFFEE,27 Ngô Gia Tự Phường 12 Thành phố Đà Lạt Lâm Đồng Việt Nam,https://lh5.googleusercontent.com/p/AF1QipPqvmmPTJ4X-Fq_2IFA0vIWEqUaBZEF3aAA0zdH=w124-h92-k-no,,11.9691242,108.475414,4.2,ChIJo86kLGMScTERXkL8es5dI0s
coffees,Xuân Sơn Coffee,67 Đường Mê Linh Phường 9 Thành phố Đà Lạt Lâm Đồng Việt Nam,https://lh5.googleusercontent.com/p/AF1QipM0tx5k3bEBrfXAq33or5zLazt6wjS94Bgso2RF=w80-h106-k-no,,11.9611471,108.471283,3.9,ChIJx_i-1-wTcTERfuSdqn7VRiU
coffees,Kong Coffee,WFPM+HCJ Dã Chiến Thành phố Đà Lạt Lâm Đồng Việt Nam,https://lh5.googleusercontent.com/p/AF1QipMm1_q6HRAl8IH3aXNy1UMYdUk7MKfhUuySKVo=w92-h92-k-no,,11.9364747,108.4835164,4.6,ChIJm4Y6c68TcTERcPBi5BZ5BwU
coffees,Calm coffee,4 Đư���ng Triệu Việt Vương Phường 4 Thành phố Đà Lạt Lâm Đồng Việt Nam,https://lh5.googleusercontent.com/p/AF1QipPWmILDzT_GbIv_61cIqN6YHmfllw2uaMXYqq_e=w122-h92-k-no,,11.9309558,108.4314651,5,ChIJKToD2TsTcTER89wNEIZ4Oug
coffees,365 COFFEE,1 Đ. Trần Phú Phường 3 Thành phố Đà Lạt Lâm Đồng Việt Nam,,,11.9364824,108.44070549999999,,ChIJJQl3X3kTcTERgd6c1G5a4pU
coffees,The Sun Coffee,01 Bis Đường Nhà Chung Phường 3 Thành phố Đà Lạt Lâm Đồng Việt Nam,https://lh5.googleusercontent.com/p/AF1QipPqd5EdlYKcdPuOA8OV0zwS2LlExSfHPlzaOEVC=w80-h106-k-no,,11.936484,108.43860529999999,4.2,ChIJJ82pUg0TcTERWgeiEyC3qKE
coffees,NHIÊN - Coffee & Bakery,Lô Biệt Lập 34 Khu Quy Hoạch Yersin Phường 9 Thành phố Đà Lạt Lâm Đồng 670000 Việt Nam,https://lh5.googleusercontent.com/p/AF1QipPFCJcR1XpV5UQJ7TfuJWwjjHcN_h74or4T9JFb=w144-h92-k-no,,11.9453632,108.45420539999999,4.6,ChIJRbE6-fITcTERIQp-6FrnA0k
coffees,Là Việt Coffee Đà Lạt (04 Trần Quý Cáp),4D Đ. Trần Quý Cáp Phường 9 Thành phố Đà Lạt Lâm Đồng Việt Nam,https://lh5.googleusercontent.com/p/AF1QipM9lhfUp6Xm4dWp0Wt3oa6limi1K_CvXyrEl194=w80-h106-k-no,,11.9469926,108.46432379999999,4.5,ChIJDUQmOIwTcTERnjEkraHpJys
coffees,Bittersweet Coffee,5 Nguyễn Văn Trỗi Phường 1 Thành phố Đà Lạt Lâm Đồng Việt Nam,https://lh5.googleusercontent.com/p/AF1QipO1ODwMSJk33PA7q6durxBSukj4KXSRP9v-DEFf=w122-h92-k-no,,11.944355999999999,108.4359109,4.7,ChIJv0I4oDkTcTERRCfEKj3FnNY
coffees,Gốm Coffee House,City 117 Hoàng Hoa Thám Street Thành phố Đà Lạt Lâm Đồng 670000 Việt Nam,https://lh5.googleusercontent.com/p/AF1QipPlXG4X7vESaNProDW1JuU_Ytu0Ypk6v4YG1LL4=w80-h106-k-no,,11.935642,108.46504979999999,5,ChIJoU9QKCETcTERgTogHfuvURY
coffees,Coffee Only,11 Khe Sanh Phường 10 Thành phố Đà Lạt Lâm Đồng Việt Nam,https://lh5.googleusercontent.com/p/AF1QipP2y6Zr5Bxs4Mf9oWGls6spYLvofoKVY2_gzlWn=w122-h92-k-no,,11.937737,108.4591437,,ChIJeSL3Pj4TcTERudfnNVtKeXw
coffees,Coffee Trứng AXUKA (Vietmamese Egg Coffee),98 Phan Đình Phùng Phường 2 Thành phố Đà Lạt Lâm Đồng Việt Nam,https://lh5.googleusercontent.com/p/AF1QipNJYsQaDjLexaVMtphZzChUYD51F6A9OQ-afKE-=w163-h92-k-no,,11.9458965,108.4348272,4.6,ChIJqZJ_cikTcTERZzupXOmQM_I
coffees,Thái Châu Pure Coffee,8 Lý Nam Đế Phường 8 Thành phố Đà Lạt Lâm Đồng Việt Nam,https://lh5.googleusercontent.com/p/AF1QipOpdMWSyRMtRYyk18zMncxiPWBwz4KyZ3fvT8Ah=w80-h106-k-no,,11.957365099999999,108.4393116,5,ChIJ_-vqcSYTcTERnk2kj59hpzY
coffees,Kyoudai Coffee,427D Phan Đình Phùng Phường 2 Thành phố Đà Lạt Lâm Đồng 66100 Việt Nam,https://lh5.googleusercontent.com/p/AF1QipNQy6uI8ni3he2caAP8JPiGrOkmsmgGnfs9J2jm=w122-h92-k-no,,11.9519211,108.4325246,5,ChIJEat15usTcTER9HisxXhLLRM
coffees,Milano Coffee House,158 Nguyễn Công Trứ Phường 8 Thành phố Đà Lạt Lâm Đồng Việt Nam,https://lh5.googleusercontent.com/p/AF1QipMPKyQv7fXgwy8L1AtayJpWii3OvRy1CDde5SpA=w80-h106-k-no,,11.9565979,108.4377727,4,ChIJV5du7tAScTERCqhepEg-GzI
coffees,Horizon Coffee,31/6 Đường 3/4 Phường 3 Thành phố Đà Lạt Lâm Đồng Việt Nam,https://lh5.googleusercontent.com/p/AF1QipN5HTMC2sGYZxV-aqqjVu9Tm3mSUfg6UEmdRUEn=w163-h92-k-no,,11.9238295,108.4484473,4.2,ChIJ_3HmQsMTcTERM_WaDP3Z1gU
coffees,Chenh Coffee,WFPM+PC7 Unnamed Road Phường 11 Thành phố Đà Lạt Lâm Đồng Việt Nam,https://lh5.googleusercontent.com/p/AF1QipMcCrOPTKmM3niUBxixG_zxgILH_0FeNS7sfQA=w92-h92-k-no,,11.936798399999999,108.4835519,4.7,ChIJAfaG7GQTcTERpA1JxqHXgcM
coffees,Đi Coffee House,Đối diện 64 Đ. Nam Hồ Phường 11 Thành phố Đà Lạt Lâm Đồng Việt Nam,https://lh5.googleusercontent.com/p/AF1QipMRif2t626JngbEDasBMVI2HSpcVlwt_69iypUQ=w138-h92-k-no,,11.9498649,108.478771,4.6,ChIJSWUgj8gTcTER_Jc_blF7Q0Y
coffees,4 Twenty a Place(Chuồng Coffee),8d Đoàn Thị Điểm Phường 2 Thành phố Đà Lạt Lâm Đồng Việt Nam,https://lh5.googleusercontent.com/p/AF1QipMhWr1E7q3eyZyhFJPHCKtqzfD54vgOufmR8qEd=w122-h92-k-no,,11.938728099999999,108.4332451,5,ChIJFfBpFlMTcTERSHjiT9l5nFU
coffees,Roly Poly - Coffee & BBQ,18/2 Đường Khởi Nghĩa Bắc Sơn Phường 10 Thành phố Đà Lạt Lâm Đồng 66000 Việt Nam,https://lh5.googleusercontent.com/p/AF1QipOqLEiLfEkFRHeQJ5r2mbLBhL_c3hUCj0_-l4tY=w115-h92-k-no,,11.934650699999999,108.4506966,4.6,ChIJsQUxXz0TcTERbeX_3UDYswY
coffees,UÔNG HOME COFFEE - TIỆM CAFE UÔNG GIÀ,Hẻm 71 Hoàng Hoa Thám Phường 10 Thành phố Đà Lạt Lâm Đồng Việt Nam,https://lh5.googleusercontent.com/p/AF1QipPr0tK08M6GMkLliFQENSDxKxSFkznlmf88r69A=w122-h92-k-no,,11.93511,108.464646,4.9,ChIJg6W4H6cTcTEREr6PI3xS1jc
coffees,Len's Coffee,7 Đ. Nguyễn Chí Thanh Phường 1 Thành phố Đà Lạt Lâm Đồng Việt Nam,https://lh5.googleusercontent.com/p/AF1QipMMjrtaSc_oTlyYLZL7VPhlfL-yK2tabi7xKMpI=w80-h106-k-no,,11.942124,108.436056,3.8,ChIJhRir5i4TcTERJIdYv8QKjy0
coffees,Ty Coffee,Hẻm 38 Đ. Trần Phú Phường 4 Thành phố Đà Lạt Lâm Đồng Việt Nam,https://lh5.googleusercontent.com/p/AF1QipO-X5b8fp6xYVnvochzyFChItMmYY-k5c3J9TAH=w80-h142-k-no,,11.936610199999999,108.4324305,4.4,ChIJOTB8nZ0TcTERjHbsmlAzkn0
coffees,Windmills coffee Bùi Thị xuân,185a Đường Bùi Thị Xuân Phường 2 Thành phố Đà Lạt Lâm Đồng Việt Nam,https://lh5.googleusercontent.com/p/AF1QipPyN4t-JWrTl2So8wsEMsoBUzegcvyiGQv8fzKF=w122-h92-k-no,,11.9493622,108.4386511,4.6,ChIJzWY2HC8TcTER8ByqspVpcHc
coffees,Vuông Tròn Coffee & Tea,110 Đường Phù Đổng Thiên Vương Phường 8 Thành phố Đà Lạt Lâm Đồng Việt Nam,https://lh5.googleusercontent.com/p/AF1QipNVScLKVq62bgCIUAFaHGNUAAZIUWoWe5zNttai=w122-h92-k-no,,11.9619397,108.44306999999999,4.8,ChIJEYCrs5sTcTERaKD1thjCBlM
coffees,Tuấn Coffee Shop,143 Đường Hai Bà Trưng Phường 6 Thành phố Đà Lạt Lâm Đồng Việt Nam,https://lh5.googleusercontent.com/p/AF1QipObJut9MtNHN_jTlC4fgubj2m6r_6zWfqz2bRgl=w122-h92-k-no,,11.9459805,108.43337419999999,4.7,ChIJq01M2CsTcTERY6S-OhpMijs
coffees,Hẻm Nhỏ Coffee,49 Ba Tháng Hai Phường 1 Thành phố Đà Lạt Lâm Đồng Việt Nam,https://lh5.googleusercontent.com/p/AF1QipN3tETxhiI7haHqVP1ECUNKSDOLIVl-wkdpMvis=w122-h92-k-no,,11.9424029,108.43436539999999,4.8,ChIJQxtQxV8TcTEReI5nmlPCrDs
coffees,MOON TEA - Milktea & Coffee,94 Nguyễn Công Trứ Phường 8 Thành phố Đà Lạt Lâm Đồng Việt Nam,https://lh5.googleusercontent.com/p/AF1QipNF61y8_ZydZtNo53hAQxQ_wAW2ygqFg3HYj7If=w153-h92-k-no,,11.9561646,108.4399055,5,ChIJzfqyR-UTcTER9fC-2YXIc5w
coffees,Moon Coffee Dalat,Phường 11 Thành phố Đà Lạt Lâm Đồng Việt Nam,https://lh5.googleusercontent.com/p/AF1QipO5t6tr8TolDxB4VaWPo8hofb7fbqYDty9_FtxN=w80-h106-k-no,,11.938118999999999,108.4835682,4.3,ChIJC793wskTcTERWcu3NR6yT-g
coffees,Coffee 41,41 Đ. Nguyễn Đình Chiểu Phường 9 Thành phố Đà Lạt Lâm Đồng Việt Nam,https://lh5.googleusercontent.com/p/AF1QipP-pe-I1QUddpbnZ-ZFPTRZM4jYEVWH3eaTg38B=w122-h92-k-no,,11.9508405,108.46112009999999,4.8,ChIJL3-G_H8TcTERjEQ55unuuLE
coffees,Ixora Tea Coffee,Phường 3 Tp. Đà Lạt Lâm Đồng Việt Nam,https://lh5.googleusercontent.com/p/AF1QipMTUFy_zgfwGihebvfYDkG8IsdCinChyvv-d5dO=w80-h107-k-no,,11.928969799999999,108.44823389999999,5,ChIJ-2ImBz8TcTERWBafVxjfklA
coffees,Cà Phê Amelie,18/3 Lê Văn Tám Phường 10 Thành phố Đà Lạt Lâm Đồng 670000 Việt Nam,https://lh5.googleusercontent.com/p/AF1QipP5bjP7xOpTTty10B89HFuFv6CzdeReRrpMPVWl=w122-h92-k-no,,11.937337999999999,108.4553797,5,ChIJq0VExc4TcTERAsyOeanTtLg
coffees,TMK Coffee & Breakfast,35 Đường Bùi Thị Xuân Phường 2 Thành phố Đà Lạt Lâm Đồng 66000 Việt Nam,https://lh5.googleusercontent.com/p/AF1QipOCQ31vpbawtzd5zkwKSOkew5pL67lvyF6RXCOX=w163-h92-k-no,,11.9446883,108.4394571,5,ChIJm6DGvTATcTERzt65zC2QUE4
coffees,9 Ball Coffee & Beer,WCHQ+GVH Phường 3 Thành phố Đà Lạt Lâm Đồng 670000 Việt Nam,https://lh5.googleusercontent.com/p/AF1QipO40QXdZj0fqYfRxZjODcAfMtOVdqYcufBUiWFP=w189-h92-k-no,,11.928802899999999,108.43972029999999,4.2,ChIJ80ormlwTcTERmdT5Izx5dDI
coffees,Home Coffee,4 Cô Giang Phường 9 Thành phố Đà Lạt Lâm Đồng Việt Nam,https://lh5.googleusercontent.com/p/AF1QipP7iyR3hEEkNncOOBx49mZNjwS8j7i0METnWlqg=w80-h142-k-no,,11.948209199999999,108.4570981,3.9,ChIJrTPj9SoTcTEREaOlzim8x6k
coffees,The Married Beans - Coffee Concept,6 Nguyễn Văn Trỗi Phường 1 Thành phố Đà Lạt Lâm Đồng Việt Nam,https://lh5.googleusercontent.com/p/AF1QipMoqOi14imqpsCKVicM7RBGLOX1s63hndXTZs4N=w122-h92-k-no,,11.944873,108.43581069999999,4.5,ChIJ2xz2BSkTcTERKnyQoeI1rxE
coffees,HOMEY MILKTEA & COFFEE,HOMEY MILK TEA & COFFEE 78 Đường Phù Đổng Thiên Vương Phường 8 Thành phố Đà Lạt Lâm Đồng 66106 Việt Nam,https://lh5.googleusercontent.com/p/AF1QipNGflrpBfIBMEBVfyE5mTQgEAGJ6QoGdVyCdIOo=w128-h92-k-no,,11.9607247,108.4426579,4.2,ChIJb4XL3sQScTERFIe_7DbGEXg
coffees,Coffee,232 Đ. Bùi Thị Xuân Phường 2 Thành phố Đà Lạt Lâm Đồng Việt Nam,,,11.9521006,108.4394416,,ChIJH5E8ftcScTERP3L4L1VTaHQ
coffees,Green Box Coffee,85 Xô Viết Nghệ Tĩnh Phường 7 Thành phố Đà Lạt Lâm Đồng Việt Nam,https://lh5.googleusercontent.com/p/AF1QipN-S9sRYiWLx74dtVFjAcpHyVixzNWlY7Gcp7C9=w163-h92-k-no,,11.9640313,108.43114109999999,4.5,ChIJlRwRldEScTERtwMmI2P-gV4
coffees,Wayfarer coffee,WCVP+3H8 Đường Nguyễn Thị Minh Khai Phường 1 Thành phố Đà Lạt Lâm Đồng Việt Nam,https://lh5.googleusercontent.com/p/AF1QipMY3MpPsFVw9smXmJlI5Ka0AXW9Je2nOrG-0y2j=w122-h92-k-no,,11.9426664,108.4364559,3.4,ChIJDRW1GC8TcTERV7lcvXi-GpI
coffees,El Soñador Coffee & Tea,24D Nguyễn Du Phường 9 Thành phố Đà Lạt Lâm Đồng 670000 Việt Nam,https://lh5.googleusercontent.com/p/AF1QipMp8-5n5q3DAKpTS7aPuGL3i03LuUM19Q5Zh6RA=w80-h106-k-no,,11.9469123,108.4624144,4.3,ChIJ700wvXETcTERUNxCuceCjw0
coffees,Dreamers: home and coffee,B19 Đường Đặng Thái Thân Phường 3 Thành phố Đà Lạt Lâm Đồng Việt Nam,https://lh5.googleusercontent.com/p/AF1QipMQYkhNRoL05qKf6FXXJGpEUGVAJ8ZKrTtL871X=w122-h92-k-no,,11.929274099999999,108.4487053,4.3,ChIJFdod3_gTcTERkAPvkYpQfK8
coffees,LATICA Coffee & Cocktails - Dalat Railway Station,01 Quang Trung Phường 9 Thành phố Đà Lạt Lâm Đồng Việt Nam,https://lh5.googleusercontent.com/p/AF1QipNxxGn6rqv_LMtcBxrikgoT-fmFejqLOp7cdvQp=w80-h106-k-no,,11.9421597,108.45482039999999,4.9,ChIJFZQnq7wTcTERDW_COcY7saM
coffees,The Dome Coffee & Tea,118 Nguyễn Công Trứ Phường 8 Thành phố Đà Lạt Lâm Đồng 670000 Việt Nam,https://lh5.googleusercontent.com/p/AF1QipN0SAAVD3-aoVOnBL3aeNSrQ-SHqq98prlsKB9N=w80-h106-k-no,,11.956531199999999,108.4393279,4.8,ChIJV73ox1ETcTEROQ12fXo9Pxs
coffees,coffee kem Bơ,162 Đường Bùi Thị Xuân Phường 2 Thành phố Đà Lạt Lâm Đồng Việt Nam,https://lh5.googleusercontent.com/p/AF1QipOpFCbNZdmCNOGhhn5nIfzyVoteTlswSC-_VGWf=w163-h92-k-no,,11.949067999999999,108.4391375,,ChIJI1XQowgTcTERxhTS-B-p0GQ
coffees,Ruby Green - Coffee Đà Lạt,Đ. Trần Nhân Tông Phường 8 Thành phố Đà Lạt Lâm Đồng Việt Nam,https://lh5.googleusercontent.com/p/AF1QipMs2ySttZtYbrYZEfTNsqHVG2aCL-7Kc8wPuGQf=w80-h142-k-no,,11.9564569,108.4463828,4,ChIJGVn56goTcTERxo4Yqpig6Ws
coffees,Cattleya Coffee,9 Tương Phố Phường 9 Thành phố Đà Lạt Lâm Đồng 670000 Việt Nam,https://lh5.googleusercontent.com/p/AF1QipM6DI1FZt9TCnxIiN5GbCpeDHwREme52HAMFNYZ=w80-h106-k-no,,11.9470013,108.46178239999999,3.9,ChIJPzM_bY0TcTERO2SztnkOazM
coffees,Viva Star Coffee Đà Lạt,94 Đường Bùi Thị Xuân Phường 2 Thành phố Đà Lạt Lâm Đồng 66000 Việt Nam,https://lh5.googleusercontent.com/p/AF1QipNz2y_MkUiTA3GRjHT9MiG_X0_GUp7O7T2S645J=w122-h92-k-no,,11.9476371,108.4405906,4.2,ChIJAbPsufATcTERGcZiBfQzeI8
coffees,N8 coffee,23 Đ. Đào Duy Từ Phường 3 Thành phố Đà Lạt Lâm Đồng Việt Nam,https://lh5.googleusercontent.com/p/AF1QipM8wDPmIqAKf44TunM3XLzi7qqHoxaJ6Z8X_8na=w80-h142-k-no,,11.9349555,108.4339292,5,ChIJyzGJ53kTcTERxsoZ0tBGF0c
coffees,Kan Coffee,50 Đường Triệu Việt Vương Phường 3 Thành phố Đà Lạt Lâm Đồng Việt Nam,https://lh5.googleusercontent.com/p/AF1QipNgtZ_v6iN-rpCGqbQQPaT_E5QAVeot0WYFF-lH=w122-h92-k-no,,11.927863799999999,108.4322546,4.3,ChIJRcoU9DUTcTERTtZSj6Xrtpw
coffees,Zalo Coffee,242 Phan Đình Phùng Phường 2 Thành phố Đà Lạt Lâm Đồng Việt Nam,https://lh5.googleusercontent.com/p/AF1QipP5mCdMdzhFH7FqbrssWrVCzBUtsLRo7d41afNS=w122-h92-k-no,,11.9494989,108.43515149999999,4.2,ChIJP1jeINYScTERvunJvqjpw68
coffees,Khang Coffee,30 Nguyễn Công Trứ Phường 8 Thành phố Đà Lạt Lâm Đồng Việt Nam,https://lh5.googleusercontent.com/p/AF1QipMaos8C5LSSbl_SzBSP3dp3ny0XB1foW1qUokJc=w80-h106-k-no,,11.955088199999999,108.44141189999999,2.5,ChIJ68GCmWETcTERUY19b66z76w
coffees,Lululola Coffee + Cà Phê Accoustic Và VIew Đà Lạt,Đường 3/4 Phường 3 Thành phố Đà Lạt Lâm Đồng Việt Nam,https://lh5.googleusercontent.com/p/AF1QipPl8MyJYLQuUwovr-op802YArRqo9EJ4yz36b0H=w80-h119-k-no,,11.919983199999999,108.4421036,4.2,ChIJX3Kz7EkTcTERFLUQaEgAj3s
coffees,Coffee Trung Nguyên 90 Bùi Thị Xuân Đà Lạt,90 Đường Bùi Thị Xuân Phường 2 Thành phố Đà Lạt Lâm Đồng 66000 Việt Nam,https://lh5.googleusercontent.com/p/AF1QipMxCl_UUomQuPBZeXtMZcdwI-Xheuzt3ox6z-d4=w122-h92-k-no,,11.9469976,108.4407021,4.7,ChIJT0Y172wTcTERJo11db1zOTk
coffees,Lavie En Rose Coffee & Tea,9 3 Tháng 4 Phường 3 Thành phố Đà Lạt Lâm Đồng Việt Nam,https://lh5.googleusercontent.com/p/AF1QipPLDY6i-51YzF4znCee5T4Y3tCMsVyE6X2rxqkL=w138-h92-k-no,,11.9268514,108.4476657,,ChIJLYgqfT8TcTERdtQ7pSIAyl4
coffees,Little House Coffee,32 Đường Trạng Trình Phường 9 Thành phố Đà Lạt Lâm Đồng Việt Nam,https://lh5.googleusercontent.com/p/AF1QipMEwKAXX-bzLQVrktfkss9en6vkvsDFqPxB8NQH=w122-h92-k-no,,11.9519975,108.4555535,4.4,ChIJ92jywQITcTERJSGR-AzRkw0
coffees,LA COFFEE & MILK TEA(cafe Điếu cày),BL 8 Yersin Phường 10 Thành phố Đà Lạt Lâm Đồng Việt Nam,https://lh5.googleusercontent.com/p/AF1QipOgpTsdWow62XJ3lcjGCgSJjTTVxU1rT9GiCeDf=w95-h92-k-no,,11.947130999999999,108.45493499999999,4.9,ChIJM4VoA0MTcTERS_zzQKhXhQ8
coffees,Kết Nối 2 coffee,211 Đường Hai Bà Trưng Phường 2 Thành phố Đà Lạt Lâm Đồng Việt Nam,https://lh5.googleusercontent.com/p/AF1QipPkVgPUVwGEiLgXmNXRTE3o-zQwmmj1cZNPLXHB=w80-h106-k-no,,11.9482795,108.4334056,4,ChIJ-4xsidQScTERWwoHUfKOO6o
coffees,Cafe An - an coffee,272 Đường Hai Bà Trưng Phường 6 Thành phố Đà Lạt Lâm Đồng 670000 Việt Nam,https://lh5.googleusercontent.com/p/AF1QipP69t9eorQd6xJWXboqe_gK-ZYwX1ISGlEdPTHn=w122-h92-k-no,,11.9500426,108.43258619999999,4.4,ChIJ8xXTyBETcTERVBc1bJxk_5o
coffees,The Green Coffee - Ba Trieu,33 Đường Bà Triệu Phường 3 Thành phố Đà Lạt Lâm Đồng Việt Nam,https://lh5.googleusercontent.com/p/AF1QipOqDJQNnuJ30mlzKEHYcMiKNduhsPw6Rxd5L3Em=w122-h92-k-no,,11.937301,108.4339634,4.4,ChIJJaKwCPYTcTER6iqHQbJnfTU
coffees,The Green Coffee - Nguyên Tử Lực,129 Đường Nguyên Tử Lực Phường 8 Thành phố Đà Lạt Lâm Đồng Việt Nam,https://lh5.googleusercontent.com/p/AF1QipNxyYni9t-FGlfYjlhn-bZk2ReuM-TjVAolM6QE=w80-h106-k-no,,11.9671866,108.4528362,3.8,ChIJQ93Z6QYTcTERdAVkxpVp6Q4
coffees,GoAllDay Coffee,Đ. Nguyễn Chí Thanh Phường 1 Thành phố Đà Lạt Lâm Đồng Việt Nam,https://lh5.googleusercontent.com/p/AF1QipM_t4vnaeQ87T3Zvy5s3RSleq-wzlRk9YOzULNI=w122-h92-k-no,,11.942432199999999,108.4360092,,ChIJJWR5LT8TcTER2GLsI_IS-I8
coffees,The Present Coffee,16B Đ. Trịnh Hoài Đức Phường 11 Thành phố Đà Lạt Lâm Đồng Việt Nam,https://lh5.googleusercontent.com/p/AF1QipMg_8_OrZ9VvdSyJeN1koiHmSCzkrFT1Mf0UjAp=w92-h92-k-no,,11.9467997,108.4838987,4.7,ChIJnbTkiKQTcTERK53-_VUpCp4
coffees,Dolly’s Coffee and Yarn,80B Đường Đống Đa Phường 3 Thành phố Đà Lạt Lâm Đồng Việt Nam,https://lh5.googleusercontent.com/p/AF1QipMh78Mqa-UtUMNjYRxHARTKfrXT4Vh3U5CId4bG=w80-h106-k-no,,11.9255854,108.4390371,,ChIJ40iYsAgTcTERO8pUkm2Xbyw
coffees,Thăng Coffee,11 Đường Nguyễn Biểu Dốc Nhà Làng Thành phố Đà Lạt Lâm Đồng 670000 Việt Nam,https://lh5.googleusercontent.com/p/AF1QipMErF0kVJH8t0lGQ13yHI1Jxdvsoq3q_b8AxhCi=w80-h119-k-no,,11.9433432,108.4346853,5,ChIJz3AGjE4TcTERov2drKz-jV4
coffees,Bad Day Coffee & Cake,40A Đường Trương Công Định Phường 1 Thành phố Đà Lạt Lâm Đồng 670000 Việt Nam,https://lh5.googleusercontent.com/p/AF1QipNfveE66iJ9oGR8sAjf55t9F5IJALtOfrzSNJFR=w80-h106-k-no,,11.9439233,108.43471,4.9,ChIJoWlUtjkTcTERSBSIRlqevoc
coffees,Homemade Garden Coffee,31 3 Tháng 4 Phường 3 Thành phố Đà Lạt Lâm Đồng Việt Nam,https://lh5.googleusercontent.com/p/AF1QipPgCRj9UvTNIEa9lR1Ajdn3w7P6rBHKkkH3qG91=w80-h106-k-no,,11.925308399999999,108.4484815,5,ChIJCQm1QLkTcTERK-cD1nr9V2U
coffees,Havana Coffee & Cakes,Hẻm 202 Phan Đình Phùng Phường 2 Thành phố Đà Lạt Lâm Đồng Việt Nam,https://lh5.googleusercontent.com/p/AF1QipOMMkBvo0KEpQbr1mcQwxaDN7oTnA6cZGGiyUwJ=w122-h92-k-no,,11.9490176,108.43722149999999,4.3,ChIJ6VTVq0cTcTEROWxQvIzWp2o
coffees,Highlands Coffee,1 Đường Hai Bà Trưng Phường 6 Thành phố Đà Lạt Lâm Đồng 670000 Việt Nam,https://lh5.googleusercontent.com/p/AF1QipMzWS5pUlVhLWXl-6MXbdaWNPDIea_nzJIxIw_B=w122-h92-k-no,,11.942618099999999,108.4312046,4.1,ChIJT8U5VGQTcTER1eL0VdkTB-w
coffees,Windmills Coffee,133 Phan Đình Phùng Phường 2 Tp. Đà Lạt Lâm Đồng Việt Nam,https://lh5.googleusercontent.com/p/AF1QipOzVyQ9OjFZGBJdeNV_R89h5LQj_W242QguT-CP=w80-h106-k-no,,11.9449475,108.4345645,4.4,ChIJf5T_QykTcTERO2HRav1iGgw
coffees,Mãi Thanh Xuân coffee,16 Bà Huyện Thanh Quan Phường 10 Thành phố Đà Lạt Lâm Đồng Việt Nam,https://lh5.googleusercontent.com/p/AF1QipPqnTYcINYKv1xkgrnYVlZwaRvVUma8f1sc4R_0=w122-h92-k-no,,11.9437827,108.45023239999999,4.5,ChIJlYnhl2oTcTERQ-Qh3C0kUMA
coffees,Quán Cà Phê F.Coffee,76-79KQH Nguyễn Công Trứ Phường 2 Thành phố Đà Lạt Lâm Đồng Việt Nam,https://lh5.googleusercontent.com/p/AF1QipORhiCJcpAzGpWmDlkxIQzYPJ7y6BWTknbCyLQr=w80-h106-k-no,,11.9545528,108.4326969,4.3,ChIJuRw3ZuUTcTER1SRm6hoAqhI
coffees,Gió Đà Lạt The Coffee,33 Hoàng Hoa Thám Phường 10 Thành phố Đà Lạt Lâm Đồng Việt Nam,https://lh5.googleusercontent.com/p/AF1QipNCPHWdlH2QxpSOu2DJ7t84Pxd9q_Lpw7dX8wqw=w122-h92-k-no,,11.9383682,108.4635038,4,ChIJ56UVqQoTcTERmmfPgUEzzoU
coffees,Milano Coffee,12 Đường Hai Bà Trưng Phường 6 Thành phố Đà Lạt Lâm Đồng Việt Nam,https://lh5.googleusercontent.com/p/AF1QipObSzokyBYsyoUc3qk9nJ92xf6g0HEig-0DAIHf=w80-h106-k-no,,11.943838099999999,108.4329751,3.9,ChIJB4lXBiwTcTER_ndTSJrTPlk
coffees,Coffee Boss,WFW6+CJX Nguyễn Du Phường 9 Thành phố Đà Lạt Lâm Đồng Việt Nam,https://lh5.googleusercontent.com/p/AF1QipMRrF3Eq-OThuAU2F4JkNnxryhPLMtcqX2snVGM=w80-h142-k-no,,11.9461158,108.461608,4.4,ChIJSy9k2XITcTERGy7FRjynO6s
coffees,Q Coffee Roastery Dalat,305 Đ. Tô Ngọc Vân Phường 6 Thành phố Đà Lạt Lâm Đồng 670000 Việt Nam,https://lh5.googleusercontent.com/p/AF1QipNeGLuT7H6SSV43IwO0FmlVOGeoo_i0kSkH_Sjt=w80-h106-k-no,,11.9496912,108.4334726,4.9,ChIJ-Zqq4qETcTER9NEliMq-Ei0
coffees,Caliente Coffee,14 Đường Phù Đổng Thiên Vương Phường 8 Thành phố Đà Lạt Lâm Đồng Việt Nam,https://lh5.googleusercontent.com/p/AF1QipNJ_Jts4H_sxvAiP1nB1Ryhh9-VC1DgNVLEdiQ3=w80-h106-k-no,,11.9561225,108.4417321,5,ChIJD2BxansTcTER5NEcnsc58RE
coffees,Phuc Long Coffee & Tea,28 Đ. Trần Phú Phường 3 Thành phố Đà Lạt Lâm Đồng Việt Nam,https://lh5.googleusercontent.com/p/AF1QipNcgvkB33oArWbeMmNOLai35nn1xUS-X5JuJQWt=w122-h92-k-no,,11.9361758,108.4327268,4.2,ChIJtXSpBroTcTERXsT5NQE1HHg
coffees,Mộc Anh Châu coffee garden,48 Đường Võ Trường Toản Phường 8 Thành phố Đà Lạt Lâm Đồng Việt Nam,https://lh5.googleusercontent.com/p/AF1QipNtwfyEvjgHHf6-k2IyNMaPrhjHvWvYCT9Xk4Gn=w122-h92-k-no,,11.959488,108.44752849999999,4.6,ChIJWxJB--ITcTERJYDRL6H0T1U
coffees,The 1989 Coffee,47 Đường Phù Đổng Thiên Vương Phường 8 Thành phố Đà Lạt Lâm Đồng Việt Nam,https://lh5.googleusercontent.com/p/AF1QipNghSL_If5oa8R7RpPXzd0laKBFV65tY2gbW7cE=w163-h92-k-no,,11.9562634,108.4423691,3.5,ChIJ0_TA2fYTcTERISfit8jY87s
coffees,Aroma Coffee Đà Lạt,4 Đường Đống Đa Phường 3 Thành phố Đà Lạt Lâm Đồng 66000 Việt Nam,https://lh5.googleusercontent.com/p/AF1QipPoeL359BXYYZk8dvNX3izlex07eA4RC3a_M4Hs=w194-h92-k-no,,11.9259335,108.4453393,,ChIJsx_cOhoTcTEREMfnZkiJ6FQ
coffees,Kimochi coffee,4 Trần Quang Diệu Phường 10 Thành phố Đà Lạt Lâm Đồng 670000 Việt Nam,https://lh5.googleusercontent.com/p/AF1QipPe-d8rxaIs1p43hKgKYYux4E0m6KOw6PkdBB_P=w163-h92-k-no,,11.942878199999999,108.4676137,4.5,ChIJaWfXbDMTcTERkeXOMmrK4aE
coffees,Mây coffee,61Đường Mê Linh Đường Mê Linh Phường 9 Thành phố Đà Lạt Lâm Đồng Việt Nam,,,11.955485699999999,108.46944339999999,4.4,ChIJc62oKPkTcTERb3587pgm_3E
coffees,VOIDO COFFEE (Quang Trung),42 Quang Trung Phường 9 Thành phố Đà Lạt Lâm Đồng Việt Nam,,,11.947253499999999,108.45942339999999,,ChIJO8qs3IkTcTER8HLCYJLnxT8
coffees,Cactus Coffee,1H Nam Kỳ Khởi Nghĩa Phường 1 Thành phố Đà Lạt Lâm Đồng 670000 Việt Nam,https://lh5.googleusercontent.com/p/AF1QipOSlFQda0W-AXy7GfvD32FoHSveGCO_wm0rLlzO=w80-h106-k-no,,11.942444,108.4356663,4.7,ChIJrcj89LcTcTERoOzrJUX_CHY
coffees,Tiệm Cà Phê Trứng Cô Ba - nhà Táo,105 Đường Hai Bà Trưng Phường 6 Thành phố Đà Lạt Lâm Đồng 670000 Việt Nam,https://lh5.googleusercontent.com/p/AF1QipM_YH36_HZ2bubGw9Pe2TDZFNB3WKHDAqWI2WCt=w130-h92-k-no,,11.945029199999999,108.43307229999999,4.4,ChIJO8pnG7ATcTER2zNICgdwTPs
coffees,Tỏi Đen Coffee Roastery - Quán cà phê rang xay nguyên chất trung tâm Đà Lạt ( 370 Phan Đình Phùng),370 Phan Đình Phùng Phường 2 Thành phố Đà Lạt Lâm Đồng 670000 Việt Nam,https://lh5.googleusercontent.com/p/AF1QipPH8SFvhPXQRlCYr-jqOuyQAZudq-9U2im8458K=w92-h92-k-no,,11.9530871,108.4322607,4.6,ChIJl9rhUosTcTERCL7MHgNh2-I
coffees,Maybe Blue Coffee,5 Đường Lê Hồng Phong Phường 4 Thành phố Đà Lạt Lâm Đồng Việt Nam,https://lh5.googleusercontent.com/p/AF1QipO1giF-O_tS-ojxFM05MG2dHoDVeiML54NNFWiK=w92-h92-k-no,,11.9341951,108.43153699999999,4.5,ChIJs1vAnzQTcTERhbQmfrNva5Q
coffees,ToNgo Coffee,1 Hoàng Hoa Thám Phường 10 Thành phố Đà Lạt Lâm Đồng Việt Nam,https://lh5.googleusercontent.com/p/AF1QipODRhQgK86oyduaYb-dAITHDPfJZDAt2kiSRTOX=w115-h92-k-no,,11.9386118,108.4625705,4.9,ChIJo_lcrf8TcTERHuAKNnjADDg
coffees,One Day Coffee,1 Đ. Lê Thị Hồng Gấm Phường 1 Thành phố Đà Lạt Lâm Đồng Việt Nam,https://lh5.googleusercontent.com/p/AF1QipMeuQVAk7pqWVRZ9PSPqxEorXvmQlyRFWJ5s5He=w122-h92-k-no,,11.941495,108.4384132,3.1,ChIJ-U_RO_MTcTERGcRFln3b1es
coffees,V Coffee,Lô H65 Khu quy hoạch Nguyễn Thị Nghĩa Phường 2 Thành phố Đà Lạt Lâm Đồng Việt Nam,https://lh5.googleusercontent.com/p/AF1QipPtUQCoZ6ypA0qEEsYUvVmkID2yvoYdP8ocuwpE=w122-h92-k-no,,11.948613499999999,108.4404371,5,ChIJn6szr6ITcTER4vtJnAaIkzc
coffees,Milk Tea & Coffee Honey,WFR2+9MG 7 Yersin Phường 10 Thành phố Đà Lạt Lâm Đồng 67000 Việt Nam,https://lh5.googleusercontent.com/p/AF1QipN6w68ocSdvLd3072yW_umZDc0twl2vAOpPPnmI=w163-h92-k-no,,11.9409339,108.4516699,3.7,ChIJHRJBmxgTcTERKVYr0898L9k
coffees,Cáo coffee 'n cocktails,WCGM+M9H Phường 3 Thành phố Đà Lạt Lâm Đồng Việt Nam,https://lh5.googleusercontent.com/p/AF1QipMkXTb0OdYYI_eoQwA9sh5vSg5F5cO0PfiCKySr=w163-h92-k-no,,11.9266987,108.4334997,5,ChIJV5bEKocTcTERwTuT6g10ixQ
coffees,Bùi Văn Ngọ Coffee,31 3 Tháng 4 Phường 3 Thành phố Đà Lạt Lâm Đồng Việt Nam,https://lh5.googleusercontent.com/p/AF1QipMYEc_wwvU3j39fOy99fvp4N2ixyuFNETJq-ZKQ=w80-h106-k-no,,11.9247979,108.44691759999999,4.2,ChIJiTYwZz8TcTERI5JaDNJrgfg
coffees,Milano coffee,201 Đường Phù Đổng Thiên Vương Phường 8 Thành phố Đà Lạt Lâm Đồng Việt Nam,https://lh5.googleusercontent.com/p/AF1QipOFK-Swx71tU-XvXyjOizWlOgklsv9MBmOO-s8Y=w80-h106-k-no,,11.968653699999999,108.4455749,3.9,ChIJT7VyJsQScTERVAZQMIk4r94
coffees,Sydney Cafe Dalat,38A Đ. Trần Phú Phường 4 Thành phố Đà Lạt Lâm Đồng 630000 Việt Nam,https://lh5.googleusercontent.com/p/AF1QipN3wmrzD9mN-KEA6NDOxfAGwrih5B3dkVDwLX33=w80-h106-k-no,,11.936942799999999,108.4327362,3.9,ChIJQyPOMDITcTERHVUQTcLAh7g
coffees,Nhà Lồng Coffee,6A Trần Hưng Đạo Phường 3 Thành phố Đà Lạt Lâm Đồng 670000 Việt Nam,https://lh5.googleusercontent.com/p/AF1QipPu0CExQjxzP82QAgzv-v6PZedGD0mBWOMlYEUN=w80-h106-k-no,,11.9363459,108.44421829999999,4.7,ChIJAasYgEATcTERB7rxd1bvPDc
coffees,Dốc Đá Coffee,98 Đường Vạn Hạnh Phường 8 Thành phố Đà Lạt Lâm Đồng Việt Nam,https://lh5.googleusercontent.com/p/AF1QipPa4Pd1QzUcseHGjNO0Ubs_9G7dDUNbjhU0QWhy=w80-h106-k-no,,11.9652041,108.4477206,4.4,ChIJX9TbrIcTcTER40r5iza2dI0
coffees,Eslow Coffee Gấu,308 Bùi Thị Xuân Phường 8 Đ. Bùi Thị Xuân Phường 8 Thành phố Đà Lạt Lâm Đồng Việt Nam,https://lh5.googleusercontent.com/p/AF1QipMF3_75mp7FQPEkTnvhmF3EyyYWzWQI6Z5AmANg=w122-h92-k-no,,11.9542352,108.4418669,4.3,ChIJJQ6kh9kScTERuOnmMWZ25EU
coffees,Dalat coffee garden,139/7 Xô Viết Nghệ Tĩnh Phường 7 Thành phố Đà Lạt Lâm Đồng Việt Nam,,,11.9671355,108.4277796,5,ChIJe98qSlQTcTERFxRbGSDhCKo
coffees,HẺM coffee,14 Đường Mai Hoa Thôn Phường 2 Thành phố Đà Lạt Lâm Đồng Việt Nam,https://lh5.googleusercontent.com/p/AF1QipP-P_o1ceArmnTYOjwonPJd5hHUWhzaa-5ciqp9=w138-h92-k-no,,11.950619399999999,108.4361526,5,ChIJPa1-JF8TcTERPfvDwqmqyfI
coffees,Weasel coffee farm,WFM8+XW3 Phường 10 Thành phố Đà Lạt Lâm Đồng Việt Nam,https://lh5.googleusercontent.com/p/AF1QipMKWkIjs58xLRJE0IjFG_hm7PGvb99o-ms1Ht94=w194-h92-k-no,,11.9348879,108.4673,4.3,ChIJJ0AAFQ8TcTERRPGYTR5geEA
coffees,B coffee and tea in Dalat,32 Pasteur Phường 4 Thành phố Đà Lạt Lâm Đồng Việt Nam,https://lh5.googleusercontent.com/p/AF1QipPNpyLOXf0ISbPCIZTecCdskerlsVvtX5-U_7rx=w80-h142-k-no,,11.9358246,108.4277066,5,ChIJd6zCTkVtcTERue2L7b370pQ
coffees,L'angfarm Coffee,40 Đường Nguyễn Thị Minh Khai Phường 1 Thành phố Đà Lạt Lâm Đồng Việt Nam,https://lh5.googleusercontent.com/p/AF1QipPUn2fX03-a6PNrsG8J5Q77PMeVcW5xZpcFpIcW=w163-h92-k-no,,11.942771299999999,108.43715139999999,3.1,ChIJX7QO8DcTcTERJPIMzIz2xsU
coffees,The Station View Coffee,192 Đường Phạm Ngọc Thạch Phường 6 Thành phố Đà Lạt Lâm Đồng 66000 Việt Nam,https://lh5.googleusercontent.com/p/AF1QipMMSc0xLLVp979_Wgj7qfmQZBQnYI1SD-uAnNPd=w80-h106-k-no,,11.9485412,108.4306932,4.4,ChIJdyVZm4QTcTERXEfuFzKlY60
coffees,Kangen - Coffee,24c Đường 3/4 Phường 3 Thành phố Đà Lạt Lâm Đồng Việt Nam,https://lh5.googleusercontent.com/p/AF1QipOaUdiyi590hqMw_dY5wPjXMwIk4dzWNya61ABT=w122-h92-k-no,,11.928036299999999,108.4474846,4.5,ChIJGVnolTMTcTERKx3SdnOOPRk
coffees,White Tea & Coffee,282 Đ. Bùi Thị Xuân Phường 2 Thành phố Đà Lạt Lâm Đồng Việt Nam,https://lh5.googleusercontent.com/p/AF1QipMgQWTlkCrKeYiwOJojXinARa9se0L_h3hIW_yC=w137-h92-k-no,,11.9538203,108.441034,4.3,ChIJQzQ2BqUTcTERouRfaG9f2QI
coffees,Khôi Coffee,66 Đ. Nguyễn Đình Chiểu Phường 9 Thành phố Đà Lạt Lâm Đồng 670000 Việt Nam,https://lh5.googleusercontent.com/p/AF1QipPd6jwye_WAF5cAZxQ6C24s7wNlASGX0P2BDu08=w122-h92-k-no,,11.9505737,108.46138119999999,5,ChIJaZGyzeYTcTER5HCcF0DPA5g
coffees,Coffee Kim Hương,WFX4+37W KQH Yersin Phường 9 Thành phố Đà Lạt Lâm Đồng Việt Nam,https://lh5.googleusercontent.com/p/AF1QipPtl1Tz12Jd0UAFnkaf-BGGI63ugrNc6cEvSElH=w122-h92-k-no,,11.9477327,108.45569479999999,4,ChIJscS_IR4TcTERHPIk-cmKagw
coffees,Milano Coffee,31 Đường Bùi Thị Xuân Phường 2 Thành phố Đà Lạt Lâm Đồng Việt Nam,https://lh5.googleusercontent.com/p/AF1QipNc4Xd4q6LAqE7bPbr4f6ErNoogWqsOPACufINQ=w80-h106-k-no,,11.9445543,108.43960539999999,3.9,ChIJlzwqHCYTcTER_HCMILn_KDU
coffees,NOW COFFEE - BISTRO,18 Đ. Huỳnh Thúc Kháng Phường 4 Thành phố Đà Lạt Lâm Đồng Việt Nam,https://lh5.googleusercontent.com/p/AF1QipMAtryrs-ceLr7haYBAGTZSBgtXPH0jZoYI5aY4=w92-h92-k-no,,11.935608499999999,108.4298389,4.7,ChIJgQm2DZITcTERG_Wjc2z1bi4
coffees,Coffee Vườn Nhà,Hẻm 31 Phường 3 Thành phố Đà Lạt Lâm Đồng 66000 Việt Nam,https://lh5.googleusercontent.com/p/AF1QipNZOtB4-tYaVFZc3ruiSiUre1UJ8JE5WMcmTKY=w80-h106-k-no,,11.9192781,108.45018759999999,5,ChIJrWD9jqkTcTERe0YeHyE7_oo
coffees,Coffee Văn Nghệ Dương Tùng,46 KQH Phan Đình Phùng Đà Lạt Nguyễn Công Trứ Phường 2 Thành phố Đà Lạt Lâm Đồng Việt Nam,https://lh5.googleusercontent.com/p/AF1QipP9meW7WeZVJLk7zhK84GaXG0zb0gEQWylFVRfQ=w163-h92-k-no,,11.954722799999999,108.4326617,4.3,ChIJl4jFCNQScTER_3hd37QIB68
coffees,Beba The Coffee Van,Bãi đậu xe ven hồ Đ. Trần Quốc Toản Xuân Hương Thành phố Đà Lạt Lâm Đồng 670000 Việt Nam,https://lh5.googleusercontent.com/p/AF1QipNaRGFa8UpzUlET5wtq2gP0vUm5GTet5s3_VxzH=w80-h106-k-no,,11.943086,108.4461922,4.8,ChIJrZPpd6ATcTERcBiVg9ypYoc
coffees,Cafe Thiên Thanh,WCPJ+Q28 Phường 4 Thành phố Đà Lạt Lâm Đồng Việt Nam,https://lh5.googleusercontent.com/p/AF1QipMv0EfpfxVLfcwmzR-2lyKAu-jqzqHvrnkIWTBu=w80-h120-k-no,,11.9369053,108.43007419999999,4.1,ChIJvQee9zITcTERDW7vGWce8YA
coffees,TiBi Mart & Coffee,36 Đ. Trần Phú Phường 4 Thành phố Đà Lạt Lâm Đồng 66000 Việt Nam,https://lh5.googleusercontent.com/p/AF1QipOv3TSZNxdxkHmLrqxw8iGGWc7-HWw1Z0q33UdB=w137-h92-k-no,,11.9360283,108.4319245,4.8,ChIJg5LRZtETcTERHglkK6DGd_g
coffees,Võ Hùng Coffee,6b Đường Nguyễn Thị Minh Khai Phường 1 Thành phố Đà Lạt Lâm Đồng Việt Nam,https://lh5.googleusercontent.com/p/AF1QipPvOpIb-19sSfKnT8QVRv1Mip8FDLu7lPez2iUH=w92-h92-k-no,,11.942221799999999,108.4372569,2.8,ChIJN0paMC8TcTER1yWar7XsAVQ
coffees,HOA ANH HÙNG Coffee,Tổ Hòn Bồ Phường 12 Thành phố Đà Lạt Lâm Đồng Việt Nam,https://lh5.googleusercontent.com/p/AF1QipMAry4AtFjUo_JTvfSWB1uN5pDepJmBHK8dy-Bu=w80-h142-k-no,,11.974231099999999,108.48557459999999,4.6,ChIJQfZ1j4ATcTERexgnoapv3WE
coffees,Mến Coffee,27 Yersin Phường 10 Thành phố Đà Lạt Lâm Đồng 66000 Việt Nam,https://lh5.googleusercontent.com/p/AF1QipOxRrF41W8a0s8TsHMSvWIUqQfroCWflYiKk0U6=w92-h92-k-no,,11.943600199999999,108.4515325,4.5,ChIJ5W9UecoTcTERxXZ_WxqPo-w
coffees,Melanin Coffee & Bar,260 Đường Phù Đổng Thiên Vương Phường 8 Thành phố Đà Lạt Lâm Đồng 66000 Việt Nam,https://lh5.googleusercontent.com/p/AF1QipMKL3mBYhhI3MxfwEYKZuOZIkGZ-wDNfr_JwAfI=w80-h106-k-no,,11.9710351,108.44148829999999,5,ChIJsVzBVIITcTERiQQZ7qn30Ko
coffees,Dốc Sương Mờ Coffee,30 Đ. Nam Hồ Trại Mát Thành phố Đà Lạt Lâm Đồng Việt Nam,https://lh5.googleusercontent.com/p/AF1QipONtjtoYbBb20QmCALmlNELe-kt7AAJrbLYhn2p=w80-h106-k-no,,11.9461748,108.47837799999999,4.7,ChIJd9aUoVYScTER6m5usZG9eBE
coffees,Ty Dâu Coffee & Tea,14A Đường Nhà Chung Phường 3 Thành phố Đà Lạt Lâm Đồng Việt Nam,https://lh5.googleusercontent.com/p/AF1QipPsraQk0GK3WxRVOCZbMYvnskrZIqEkfvCqhalH=w80-h106-k-no,,11.934548099999999,108.4374429,5,ChIJsQFpXQwTcTERqya-BdHRsbs
coffees,MAP Coffee,D10 Đường Bà Triệu Phường 4 Thành phố Đà Lạt Lâm Đồng Việt Nam,https://lh5.googleusercontent.com/p/AF1QipNOazXhB6eNV3JaxWfdLWjpcuJjOSP9l5_GMpl8=w135-h92-k-no,,11.9377999,108.43273669999999,4.6,ChIJqZ5pEDITcTERBLQZotm2-k0
coffees,An Nhiên cà phê và trà thiền,Lô b1 Nguyễn Hữu Cảnh Tp. Đà Lạt Lâm Đồng 640000 Việt Nam,https://lh5.googleusercontent.com/p/AF1QipPyyouJAwa7s7VtHxVB21PBnGqdqvJDu7rphS98=w80-h106-k-no,,11.969496,108.4406532,4.3,ChIJm_fjwccScTERBE0bk6sOsGk
coffees,Hill Hill Dalat Stay Restaurant & Coffee,132 Hoàng Hoa Thám Phường 10 Thành phố Đà Lạt Lâm Đồng Việt Nam,https://lh5.googleusercontent.com/p/AF1QipOj-tM0DQWK47Teq4wBPPpbPpFEHxqj6yL11Y0=w92-h92-k-no,,11.9291228,108.46456889999999,4.5,ChIJ1WCW7rMTcTERVAjQ6sMOf3g
coffees,Tân Thành Home & Coffee,HEM 33 Xô Viết Nghệ Tĩnh Phường 7 Thành phố Đà Lạt Lâm Đồng Việt Nam,https://lh5.googleusercontent.com/p/AF1QipORhy5CUAKijVL_mWFddveBmpMSnDXj2lsLcfbo=w80-h106-k-no,,11.9684077,108.4296006,4.7,ChIJPRtMpN8TcTERHM1rn3xqIeM
coffees,Napoli Coffee,107 Đường Phù Đổng Thiên Vương Phường 8 Thành phố Đà Lạt Lâm Đồng Việt Nam,https://lh5.googleusercontent.com/p/AF1QipMI6WT89FP3OnSP3SuP9tBilXhj0PRLDiZgEYkt=w80-h106-k-no,,11.9611973,108.44250149999999,5,ChIJkxVx4MQScTER31iRYgj9ZYs
coffees,Maple Coffee,152 Đường Bùi Thị Xuân Phường 2 Thành phố Đà Lạt Lâm Đồng Việt Nam,https://lh5.googleusercontent.com/p/AF1QipM6DKhaC4Vd-ydnlJH7Ntn6ionNhuPncun9MjHg=w80-h106-k-no,,11.9488667,108.4392366,4.6,ChIJH2crBygTcTERG_GMIGIIEQA
coffees,Jazz Men coffee,404 Đường Hai Bà Trưng Phường 6 Thành phố Đà Lạt Lâm Đồng Việt Nam,https://lh5.googleusercontent.com/p/AF1QipNJrYQRjCxzmG1F3Big_W7Vn8MC1NxF2hI8Uc8w=w80-h164-k-no,,11.9555758,108.42993709999999,5,ChIJoc590S0TcTERdwC7EXj7Q7M
coffees,Đôi Dép Coffee - Sandals Flora Hotel,40 Đường Nguyễn Thị Minh Khai Phường 1 Thành phố Đà Lạt Lâm Đồng Việt Nam,https://lh5.googleusercontent.com/p/AF1QipPbiVVMa1CrBakobNZoUxXYY8KsMBLOhBhpVnlH=w122-h92-k-no,,11.9427398,108.4371604,2.5,ChIJoakIgwkTcTER-gywIwojFK0
coffees,ẤM - Home & coffee,4 Hẻm Cầu Đúc Phường 10 Thành phố Đà Lạt Lâm Đồng Việt Nam,https://lh5.googleusercontent.com/p/AF1QipOfaSExOsOt4zvL4xh1B2lrt9CQ6HNU87GYRcOg=w144-h92-k-no,,11.9395321,108.44843309999999,5,ChIJzyFSX8kTcTERwr02BJGJnYI
coffees,Thông ơi coffee,31 Đường 3/4 Phường 3 Thành phố Đà Lạt Lâm Đồng Việt Nam,https://lh5.googleusercontent.com/p/AF1QipPaZuk6JZf1oMZKt6Ak6ALR6AR_Ed6XlsZVEsg=w80-h106-k-no,,11.922740899999999,108.4468789,4.3,ChIJFwqwFIUTcTERKChSusMNlgU
coffees,Cối Xay Gió Homestay and Coffee,Mimosa Phường 10 Thành phố Đà Lạt Lâm Đồng Việt Nam,https://lh5.googleusercontent.com/p/AF1QipPl3lIUXOgGV_dRp8Lklg8RIP7jS8rziSk6gsk=w80-h106-k-no,,11.9107623,108.4605332,4.5,ChIJZdqCOj8TcTER-sWMDXknLCg
coffees,K Coffee Audiophile,15 Đường Lê Hồng Phong Phường 4 Thành phố Đà Lạt Lâm Đồng Việt Nam,https://lh5.googleusercontent.com/p/AF1QipN1huwAwiBk5vidNsWJQOW4Y3UwBHSfifsufm7j=w80-h106-k-no,,11.9329884,108.428787,4.5,ChIJSfDwwDwTcTERsP036LuRDQc
coffees,Teemo Home & Coffee,07 Đường Trần Lê Phường 4 Thành phố Đà Lạt Lâm Đồng Việt Nam,https://lh5.googleusercontent.com/p/AF1QipOxNE2mqrHFnv9Y93kFEgDb8Z699DV4sDKUbxyQ=w92-h92-k-no,,11.937897699999999,108.42867369999999,4.8,ChIJKShzudwTcTERF5r5eWrXnGs
coffees,Cafe milano Nguyễn Trãi,23 Nguyễn Trãi Phường 9 Thành phố Đà Lạt Lâm Đồng 66000 Việt Nam,https://lh5.googleusercontent.com/p/AF1QipO7Jj5naMkovwes_47Kt-QzedH1sFtbcahQi8SU=w80-h106-k-no,,11.942095499999999,108.4531074,4,ChIJm2KtyBgTcTERIWr98tPDuzU
coffees,S1 COFFEE HOME,50 Đ. Trần Nhật Duật Phường 6 Thành phố Đà Lạt Lâm Đồng Việt Nam,https://lh5.googleusercontent.com/p/AF1QipPmjI8Em40ZdtXpEnDkSNbnDnhw3m6N3CQq4Bik=w199-h92-k-no,,11.9456435,108.42955219999999,5,ChIJUWIgKtwTcTEReuJtI4jC3FE
coffees,Tay mơ Amateurs coffee,đối diện khu du lịch thác Datanla đường Đèo Prenn Phường 3 Thành phố Đà Lạt Lâm Đồng Việt Nam,https://lh5.googleusercontent.com/p/AF1QipOkvIKPM0KxUK9aXgmewMcvCXQaAZs57uPusq4X=w92-h92-k-no,,11.9054925,108.45189189999999,4.8,ChIJQ06GGLsTcTER1gdTkTYEuuM
coffees,Bruh Bruh Home & Coffee,96 Lý Nam Đế Phường 8 Thành phố Đà Lạt Lâm Đồng 66106 Việt Nam,https://lh5.googleusercontent.com/p/AF1QipOT0mtY3NZ6KI-syNB45yZKnRtZqoGlOjtiWCE=w80-h106-k-no,,11.9635117,108.4410728,4.6,ChIJt-TtVPwTcTERB_76W0SwYZQ
coffees,Zalo coffee - Trần Lê,WCPG+JVM Phường 4 Thành phố Đà Lạt Lâm Đồng Việt Nam,https://lh5.googleusercontent.com/p/AF1QipPuwQcyIo-eE-CgMo7sOkWbNY8DlTiYN595W4Uh=w163-h92-k-no,,11.9365916,108.4271766,4.6,ChIJFbMbHUhtcTERzqZWguEITa8
coffees,Kem Cà Phê Việt Hưng,1 Hoàng Hoa Thám Phường 10 Thành phố Đà Lạt Lâm Đồng Việt Nam,https://lh5.googleusercontent.com/p/AF1QipPyGcVqkXZEhtl7vMZ4NnJwJwKvDAIYb29ysFJk=w80-h106-k-no,,11.937712699999999,108.4640237,4.2,ChIJO2-wRwUTcTERTwe-iQSUOpw
coffees,Win Villa Coffee,5 Khe Sanh Phường 10 Thành phố Đà Lạt Lâm Đồng Việt Nam,https://lh5.googleusercontent.com/p/AF1QipMMQgxBXCVL0kqGL0VFiRooE7trOWWSR3zArBlv=w163-h92-k-no,,11.9380253,108.45952419999999,4.7,ChIJrdmqB2ETcTERTQa4WKWP6I4
coffees,Thi Tuấn Coffee - 3 yagout - Đà Lạt,3 Yagout Phường 5 Thành phố Đà Lạt Lâm Đồng Việt Nam,https://lh5.googleusercontent.com/p/AF1QipP1yiboTz_om1PFFqTF4lGObQsufZ9SpQd6U4ZL=w80-h106-k-no,,11.943242999999999,108.4283521,4.8,ChIJU0Yo0WITcTERuiSW0RNmbh0
coffees,Nam Thinh roastery coffee,32 Đ. Trần Nhật Duật Phường 5 Thành phố Đà Lạt Lâm Đồng Việt Nam,https://lh5.googleusercontent.com/p/AF1QipPis23UXbOr0rsUfvIQW2sXIk30wtEZ8X-Idl31=w80-h106-k-no,,11.944519999999999,108.4291219,4.8,ChIJnQEcj5sTcTERkfwWzzZ2ho8
coffees,ROY Villa - Coffee,27 Trần Bình Trọng Phường 6 Thành phố Đà Lạt Lâm Đồng 670000 Việt Nam,https://lh5.googleusercontent.com/p/AF1QipNp5BzTmFoL48fMfoPK-V_PFc5syTKAwrQeOu7C=w189-h92-k-no,,11.945703,108.42910529999999,4.5,ChIJIdO1ZLgTcTERZ3L4SO3NWAI
coffees,Lơ-ghim BBQ & Coffee,38 Đường Võ Trường Toản Phường 8 Thành phố Đà Lạt Lâm Đồng Việt Nam,https://lh5.googleusercontent.com/p/AF1QipOYMXg730Fe_bvrW7OCWwsBIKXiNeqpOYUytgR-=w92-h92-k-no,,11.9593516,108.4456189,4.4,ChIJ0zFWlQkTcTERUNlDevq4RuU
coffees,Koi coffee and restaurant,161 Xô Viết Nghệ Tĩnh Phường 7 Thành phố Đà Lạt Lâm Đồng Việt Nam,https://lh5.googleusercontent.com/p/AF1QipNvURcQCgvQpsFi_LzY6DSV1IwpQzxdVmkERbrx=w194-h92-k-no,,11.9687311,108.4278441,3.9,ChIJ4z_02FETcTER-PiRfQBUFsM
coffees,Casanova Dalat Hotel & Coffee,24 Đường Lương Thế Vinh Phường 3 Thành phố Đà Lạt Lâm Đồng 670000 Việt Nam,https://lh5.googleusercontent.com/p/AF1QipNc_pAUpQKUc1CPSbSgc-gfi5D5NIV0_besAUxP=w80-h130-k-no,,11.933105,108.44137839999999,4.6,ChIJwS00J8ATcTERq3kdytskuF4
coffees,Sunshine Coffee Dalat,09 Trần Hưng Đạo Phường 10 Thành phố Đà Lạt Lâm Đồng 670000 Việt Nam,https://lh5.googleusercontent.com/p/AF1QipOU1rcmzvgFpVqUofMmQ2Rgi1SePVCMV1BlC_AE=w189-h92-k-no,,11.937760299999999,108.44879909999999,4.2,ChIJNyjkLT0TcTERXICsT96afYc
coffees,Up Coffee DaLat,6 Đường Triệu Việt Vương Phường 4 Thành phố Đà Lạt Lâm Đồng Việt Nam,https://lh5.googleusercontent.com/p/AF1QipP8MT3Lt8Hc1n-pM6ClCjP7RW39Hnamk9o-KXI_=w122-h92-k-no,,11.931460999999999,108.4306433,4.9,ChIJfXjh9NETcTEROdaVk7hwtNU
coffees,Waterfall Hill Coffee Dalat,30 Đường Nguyên Tử Lực Phường 8 Thành phố Đà Lạt Lâm Đồng Việt Nam,https://lh5.googleusercontent.com/p/AF1QipMkU8oSzQcrZi-oBAAUUbupzeQU-FJYmF3RY4Lx=w122-h92-k-no,,11.9576431,108.45210619999999,5,ChIJ3fr-oOYTcTER6slCk4iR4aM
coffees,Coffee 888,217 Đ. Bùi Thị Xuân Phường 2 Thành phố Đà Lạt Lâm Đồng 66000 Việt Nam,,,11.9525987,108.43951039999999,,ChIJIWtsuDUTcTERC2YpSxY8KDY
coffees,Quán Cafe Đà Lạt King Coffee,42 Phan Chu Trinh Phường 9 Thành phố Đà Lạt Lâm Đồng 67000 Việt Nam,,,11.9511302,108.4653664,5,ChIJr3AuxZQTcTERq--Dr8M4C2g
coffees,R. Pháp Coffee,19 Khu Hoà Bình Phường 1 Thành phố Đà Lạt Lâm Đồng Việt Nam,https://lh5.googleusercontent.com/p/AF1QipND_tKdKuy5lOrEfC6SkI69M1h6Tih7BDPs9VfW=w92-h92-k-no,,11.9438563,108.4363049,5,ChIJuRDT8BQTcTEROszRwbphXsQ
coffees,Nhỏ Ơi Cafe,32 Đường Triệu Việt Vương Phường 4 Thành phố Đà Lạt Lâm Đồng Việt Nam,https://lh5.googleusercontent.com/p/AF1QipM76MbclWj-k7odqRrdWptWLVFr2qN3piEZowmI=w80-h106-k-no,,11.9306117,108.4321724,5,ChIJB00ffFYTcTERMTk7QM6a-lw
coffees,Pio coffee,1 Đoàn Thị Điểm Phường 1 Thành phố Đà Lạt Lâm Đồng Việt Nam,https://lh5.googleusercontent.com/p/AF1QipOgp56jkZwa66emhQsv3tRR_VG7l4K-HBNFhbOS=w122-h92-k-no,,11.9385497,108.4339158,4.7,ChIJI-2TFhcTcTERL6zs8PgX230
coffees,Coffee 57 Vạn Kiếp,XCCQ+F6P Đường Vạn Kiếp Phường 8 Thành phố Đà Lạt Lâm Đồng Việt Nam,https://lh5.googleusercontent.com/p/AF1QipNKF1LTgYxIHtjm6sAts0zOGGymcwnZrvev43sE=w80-h106-k-no,,11.9712231,108.4380776,,ChIJpxNM4LcScTERaQyKMIReJdU
coffee,Là Việt Coffee,200 Nguyễn Công Trứ Phường 8 Thành phố Đà Lạt Lâm Đồng 66000 Việt Nam,https://lh5.googleusercontent.com/p/AF1QipNmUQSrwiEp9bPZTV4dHC0bavY4QbrUVPtj3Axy=w122-h92-k-no,,11.956792499999999,108.43509209999999,4.5,ChIJuZxn7NAScTERQB4WFRsQ3Wk
coffee,Goodmorning Đà Lạt Coffee,Đèo Prenn Phường 3 Thành phố Đà Lạt Lâm Đồng Việt Nam,https://lh5.googleusercontent.com/p/AF1QipPCkj-5RvR6w09PmJ6K8MfBAhoUJfxLPRf5h6re=w122-h92-k-no,,11.9105981,108.45246519999999,4.8,ChIJdTpd9ccTcTERSgNX7-4npVM
coffee,TONY'S COFFEE,Phường 2 Thành phố Đà Lạt Lâm Đồng Việt Nam,https://lh5.googleusercontent.com/p/AF1QipNFK3a-ts5cMHWCL9fXGZGv8DtpUFsD0AEMzUmF=w80-h106-k-no,,11.951813,108.4324444,4.8,ChIJewsP2D8TcTERharvi6Kiwrw
coffee,Ninhie Coffee (Dalat Egg Coffee),5/47 Đường Thông Thiên Học Phường 2 Thành phố Đà Lạt Lâm Đồng 670000 Việt Nam,https://lh5.googleusercontent.com/p/AF1QipNJHcyAJtxJns09llkET2CwGQB4mhA0v6zWw_6X=w80-h106-k-no,,11.9516545,108.43669969999999,5,ChIJoRqcrNcScTERYaS5fUUJr-g
coffee,Milano Coffee,12 Đ Phạm Ngũ Lão Phường 1 Thành phố Đà Lạt Lâm Đồng Việt Nam,https://lh5.googleusercontent.com/p/AF1QipONQ17Wy0lHwlZnOTRa31SXGt0NpCgz288ge9lF=w80-h106-k-no,,11.9379929,108.43581069999999,3.9,ChIJqYUe0zETcTERSOqlimjGSks
coffee,Coffee Trang Hai Bà Trưng Đà Lạt,34 Đường Hai Bà Trưng Phường 6 Thành phố Đà Lạt Lâm Đồng 671544 Việt Nam,https://lh5.googleusercontent.com/p/AF1QipMXcUcSvhulH83M5IwxvPWUlTdpqOInUiXgDMDm=w80-h106-k-no,,11.943085,108.4325346,4.8,ChIJCZKSQLUTcTERD1Y5v8l8faA
coffee,The Green Coffee - La Son Phu Tu,12B1 La Sơn Phu Tử Phường 2 Thành phố Đà Lạt Lâm Đồng Việt Nam,https://lh5.googleusercontent.com/p/AF1QipMOxmGrE_c34c3faVqq7aQEuWk2lEuKdIfYEzWr=w80-h106-k-no,,11.954122199999999,108.4312763,4.7,ChIJeeGbZdQScTERn4PM5E9CnUI
coffee,Woodstock coffee - Đà Lạt,80 Đường Bùi Thị Xuân Phường 2 Thành phố Đà Lạt Lâm Đồng Việt Nam,https://lh5.googleusercontent.com/p/AF1QipMp9Lp8c1lDsN0Eq8tR3WrZhrW44B94y7Pm6n7C=w138-h92-k-no,,11.946639,108.4406813,4.4,ChIJG6SzzicTcTERucIZytNREEo
coffee,One Coffee,227 Phan Đình Phùng Phường 2 Thành phố Đà Lạt Lâm Đồng Việt Nam,https://lh5.googleusercontent.com/p/AF1QipOpnhjqg_yoTWq5TKGTYP5-_OHyKGcqnrwef_l2=w92-h92-k-no,,11.9476292,108.4357615,5,ChIJS9BJdMgTcTERkV-espbL1a8
coffee,AmoreCafe-Dalat,46b Lê Văn Tám Phường 10 Thành phố Đà Lạt Lâm Đồng Việt Nam,https://lh5.googleusercontent.com/p/AF1QipPA3uT-UygYAww7_jNO79OLJ99maj-DiwuJiW9I=w80-h104-k-no,,11.9386368,108.4577319,4.5,ChIJG97_kdcTcTERoFQBp_L0IWQ
coffee,CAO COFFESHOP,14/17 KQH Đ. Phạm Hồng Thái Phường 10 Thành phố Đà Lạt Lâm Đồng Việt Nam,https://lh5.googleusercontent.com/p/AF1QipNeHtnRgXUpjtPqvIpIi9Z6GiiuOE3eGlEt0GYp=w80-h106-k-no,,11.9413479,108.4563759,4.8,ChIJS_BeWmgTcTERUmAOUqskiA0
coffee,Coffee 679,192 Nguyễn Công Trứ Phường 8 Thành phố Đà Lạt Lâm Đồng Việt Nam,https://lh5.googleusercontent.com/p/AF1QipMbVjvXZNWu_sjHPSbxh59dpjSVQ6iOA2ni35kW=w162-h92-k-no,,11.957092099999999,108.43564719999999,5,ChIJ17s5Vb4TcTERJ2fBTP9yYOI
coffee,Bi Hoàng Coffee,XF9G+WJM Phường 12 Thành phố Đà Lạt Lâm Đồng Việt Nam,https://lh5.googleusercontent.com/p/AF1QipOieXlO-2iKIbxnn3nZRyck0oTD4eIGu_8PCHq2=w122-h92-k-no,,11.969837499999999,108.47654689999999,5,ChIJq4P8P2AScTERJzECxXwAQkw
coffee,COFFEE BEAN SAIGON,99 Phan Bội Châu Phường 1 Thành phố Đà Lạt Lâm Đồng Việt Nam,,,11.9438338,108.43866849999999,,ChIJbYk3VfETcTERNdj8lTmtOnA
coffee,Cà Phê 139 (139 Coffee),XC6V+X4J Đường Trần Khánh Dư Phường 8 Thành phố Đà Lạt Lâm Đồng Việt Nam,https://lh5.googleusercontent.com/p/AF1QipPTZbOoYzvxrVQBBLqw3106siSmu95zj6Cg-6wm=w163-h92-k-no,,11.962466,108.44276149999999,4.3,ChIJm0wQX60TcTER-BVX37YIYUU
coffee,Coffee Nắng lạnh,03bis Trần Hưng Đạo Phường 3 Thành phố Đà Lạt Lâm Đồng Việt Nam,https://lh5.googleusercontent.com/p/AF1QipN3jLzQR2yr-HlzySw-terNusIYV_Voj4Eja1AX=w80-h142-k-no,,11.9369775,108.4435444,4.6,ChIJ-9AQ80ITcTERau49aCsM0nc
coffee,Khói Coffee,130 Lý Nam Đế Phường 8 Thành phố Đà Lạt Lâm Đồng Việt Nam,https://lh5.googleusercontent.com/p/AF1QipOLr8XkS_3WT8iFlonwcldVPZt7z1AvTIELJryX=w80-h100-k-no,,11.9637392,108.4424272,,ChIJGe7dAu4TcTERuhfcPQb99Fc
coffee,cloud9 coffee đà lạt,28 Ba Tháng Hai Phường 1 Thành phố Đà Lạt Lâm Đồng Việt Nam,,,11.9428711,108.43501979999999,,ChIJnWqN68MTcTER_aU88uMKmmc
coffee,Grit Coffee,73 Phan Đình Phùng Phường 1 Thành phố Đà Lạt Lâm Đồng 10000 Việt Nam,https://lh5.googleusercontent.com/p/AF1QipNT3c40VaRccUfvMHvTJCdXoS2TJOfPvdFjEpzg=w80-h142-k-no,,11.943407599999999,108.4338612,5,ChIJWY1RR-wTcTERxcOKW0rfv5k
coffee,Vườn Sen (Succulents & Coffee),73 Đường Cao Bá Quát Phường 7 Thành phố Đà Lạt Lâm Đồng Việt Nam,https://lh5.googleusercontent.com/p/AF1QipPVcpdURZLs690QkVJEsTJ8n-qiMmiCaTszQ0yz=w80-h106-k-no,,11.962434799999999,108.43195759999999,4.7,ChIJ8375_n0TcTERf_KnBIjhK4E
coffee,Le J' cafe,Hẻm 51 Yersin P.10 Thành phố Đà Lạt Lâm Đồng 670000 Việt Nam,https://lh5.googleusercontent.com/p/AF1QipMCYSfugVOrUToAGVciNGK4i0fWcGnIea9ug5Yo=w80-h106-k-no,,11.9422561,108.45164869999999,4.8,ChIJJxprLIQTcTERofArpAanDL4
coffee,Via Ny Coffee And Tea House,154 Phan Đình Phùng Phường 2 Thành phố Đà Lạt Lâm Đồng Việt Nam,,,11.947365,108.4359444,,ChIJL-BOsCkTcTERdv5y9erCr_M
coffee,26 Coffee,26 Nguyễn Văn Trỗi Phường 2 Thành phố Đà Lạt Lâm Đồng Việt Nam,https://lh5.googleusercontent.com/p/AF1QipOzpdujLzl6qDYdJmq-2K7vzfHLGx5Ax9qfLdgW=w80-h106-k-no,,11.9453546,108.4356413,5,ChIJ80yhFykTcTERtGLHDLFqEYI
coffee,Sắc Màu Coffee,Phường 12 Tp. Đà Lạt Lâm Đồng Việt Nam,https://lh5.googleusercontent.com/p/AF1QipOUAVDvihEN1-fsFNVi6plHuBog2hWm-0_3BCM9=w122-h92-k-no,,11.9675412,108.4752954,4,ChIJfySE9l8ScTERhJw79XI8NIU
coffee,Truc coffee,70 Nguyễn Công Trứ Phường 2 Thành phố Đà Lạt Lâm Đồng Việt Nam,,,11.9546865,108.4329018,,ChIJyx9RzX4TcTERltMU5wRkyXM
coffee,De-Su Coffee Shop,109 Hẻm Bùi Thị Xuân Phường 2 Thành phố Đà Lạt Lâm Đồng Việt Nam,https://lh5.googleusercontent.com/p/AF1QipPYg_GBqJL2x7cx6mNXQP5WPlz5KEAEPuR7-P3Q=w92-h92-k-no,,11.9466939,108.44037189999999,4.1,ChIJsarH-lwTcTEReXEGqN5-1H0
coffee,Cafe,WCFX+G8Q Hẻm 31 Phường 3 Thành phố Đà Lạt Lâm Đồng Việt Nam,,,11.9238316,108.44836099999999,3,ChIJg_30DpATcTERTTAFavTEFYQ
coffee,Bicycle up cafe,82 Đường Trương Công Định Phường 1 Thành phố Đà Lạt Lâm Đồng Việt Nam,https://lh5.googleusercontent.com/p/AF1QipPlHJGPWk8EmUmqlaY0yRuuLath4a1nnVdBjCRo=w138-h92-k-no,,11.944649199999999,108.4349821,4.5,ChIJP5o0RikTcTERuDkxx6CUmMg
coffee,Glen Coffee,22 Ngô Gia Tự Phường 12 Thành phố Đà Lạt Lâm Đồng Việt Nam,https://lh5.googleusercontent.com/p/AF1QipOCQHCfab_KqgSE_x31c7-xDSk3lWWV5ngVeHQM=w163-h92-k-no,,11.9678752,108.4759424,,ChIJ4w_8-V8ScTERNz8_Fv4nQEs
coffee,Telcoffee,21 Đ. Đào Duy Từ Phường 3 Thành phố Đà Lạt Lâm Đồng Việt Nam,https://lh5.googleusercontent.com/p/AF1QipOSieEjpJGFm18gxRrL6tgS5NsOYSSCtWzo8bah=w131-h92-k-no,,11.935151,108.43384909999999,4.8,ChIJU7ZFWQgTcTERkB0_qKSEKpk
coffee,Shop Ngoc Dung Coffee Rang Xay Nguyên Chất,01/D26 Lâm Đồng Việt Nam,https://lh5.googleusercontent.com/p/AF1QipNueLlhw7tuM0wDqIf5ot-8nD6watv9qeUQB-nA=w111-h92-k-no,,11.961428699999999,108.47205559999999,4,ChIJS9gz9vYScTERhe34AX2SMgs
coffee,Texas Cowboys Coffee Shop,310 Đ. Bùi Thị Xuân Phường 8 Thành phố Đà Lạt Lâm Đồng 67000 Việt Nam,,,11.954248999999999,108.4418975,,ChIJ4WtvuxYTcTERV0RGW4MlH-c
coffee,The Green Coffee - Hai Ba Trung,334 Đường Hai Bà Trưng Phường 2 Thành phố Đà Lạt Lâm Đồng Việt Nam,https://lh5.googleusercontent.com/p/AF1QipNLcggHRr4YklbjXvUp3_zp7wk9ewP9diAoPrMe=w80-h142-k-no,,11.9530972,108.43107339999999,4.7,ChIJvzNuKRkTcTERLRrSBPQPo_w
coffee,The 1997 Coffee Milk Tea,4b Đ. Trần Quý Cáp Phường 9 Thành phố Đà Lạt Lâm Đồng Việt Nam,https://lh5.googleusercontent.com/p/AF1QipNJAoxZcYMIksRdjwmnr3AcmIOGoM68TIDA2B6g=w80-h142-k-no,,11.947541,108.4638643,5,ChIJwbDEp9gTcTERTY4OMhzx_Us
coffee,Tách coffee,66 Đ. Nguyễn Đình Chiểu Phường 9 Thành phố Đà Lạt Lâm Đồng Việt Nam,https://lh5.googleusercontent.com/p/AF1QipO_SrbTkA0Icec3XsUQPV-eaUW_Ip9S5FpxX0kb=w80-h106-k-no,,11.9505737,108.46138119999999,5,ChIJZ1EJXRcTcTER3DgXN4A3eng
coffee,S coffee garden,96a Đ. Hùng Vương Phường 11 Thành phố Đà Lạt Lâm Đồng Việt Nam,https://lh5.googleusercontent.com/p/AF1QipN3FgeABI7tu_4Efj7oPRfbTgmYXow8JoBm5cT2=w122-h92-k-no,,11.947512399999999,108.4746267,,ChIJ045Sr-wTcTERtOALJxYjGVk
coffee,Thái châu pure coffee,WCQJ+5XQ Đường Bà Triệu Phường 1 Thành phố Đà Lạt Lâm Đồng Việt Nam,https://lh5.googleusercontent.com/p/AF1QipNrMf0J8U2mgyogq5eYFY2xV2cNnMw_K3qPHpVE=w204-h92-k-no,,11.937952399999999,108.4324875,4.7,ChIJ3RUkSqgTcTERbINEXgfTYp0
coffee,Happy Coffee,15 Phan Đình Phùng Phường 1 Thành phố Đà Lạt Lâm Đồng Việt Nam,https://lh5.googleusercontent.com/p/AF1QipPbDmLZKyyDU1Fp_M6HAjHEGPYH-Jz8hOGDB9yC=w80-h106-k-no,,11.9423763,108.4334736,5,ChIJG4kmfAMTcTERUYQZU5gCypI
coffee,Cafe Góc Nhỏ Đà Lạt,63 Đường Phù Đổng Thiên Vương Phường 8 Thành phố Đà Lạt Lâm Đồng 68000 Việt Nam,https://lh5.googleusercontent.com/p/AF1QipOkw0e2LA6oLa8vR5yoXCkpyofieCr_rnUWXfbW=w80-h106-k-no,,11.957059,108.44252,5,ChIJz2txKnYTcTERQ9gg9LrDVZE
coffee,CHINTOL COFFEE & MILK TEA,109 Đường Bùi Thị Xuân Phường 2 Thành phố Đà Lạt Lâm Đồng Việt Nam,https://lh5.googleusercontent.com/p/AF1QipOEQFU1lhCRMx5YtgWF2XoU1S1PKzOof40TargS=w122-h92-k-no,,11.946728499999999,108.4403689,3.3,ChIJAQ12zxATcTERoa_r58IUt3Y
coffee,Quán Coffee Đà Lạt 84,84C Đ. Nguyễn Chí Thanh Phường 1 Thành phố Đà Lạt Lâm Đồng Việt Nam,https://lh5.googleusercontent.com/p/AF1QipNBjdjmKiQ2HFjqv86hJAa_qDlGp_5S0T_0hnY6=w138-h92-k-no,,11.939742599999999,108.43505839999999,4.9,ChIJXfKWFC4TcTER24CuIsnAFI4
coffee,Nancy Cafe,WCWM+FJ2 Phường 2 Thành phố Đà Lạt Lâm Đồng Việt Nam,https://lh5.googleusercontent.com/p/AF1QipPznbsT-QyEpJ1eflTOE8DnfuEPUYCKmVsb0ax-=w80-h106-k-no,,11.946140999999999,108.4340031,5,ChIJaZeHTGoTcTERcSgM5BvWuZE
coffee,Cà phê Trang,131 Ba Tháng Hai Phường 1 Thành phố Đà Lạt Lâm Đồng Việt Nam,https://lh5.googleusercontent.com/p/AF1QipO2-zQU48HCsM5UczVSBxk6ulvoL56XS1lFNNUL=w163-h92-k-no,,11.9411428,108.432058,3.6,ChIJj5W1sC0TcTERE6QUrS5HEBE
coffee,Quán cafe Coffee AN'Li,Cổng trại giam dã chiến Phường 11 Thành phố Đà Lạt Lâm Đồng Việt Nam,,,11.9384939,108.4828039,,ChIJuwdHNxITcTERwGpoaEXs4dQ
coffee,Dalbam Coffee Bar,28 3 Tháng 4 Phường 3 Thành phố Đà Lạt Lâm Đồng Việt Nam,https://lh5.googleusercontent.com/p/AF1QipNKpCKv4nkUmSbU2APPxBuuy4w31-t6CovxNcb7=w80-h106-k-no,,11.925674299999999,108.44954659999999,4.8,ChIJpSfNbUATcTERpdCC8-DHWMc
coffee,Cafe Night Start,Phường 9 Thành phố Đà Lạt Lâm Đồng Việt Nam,https://lh5.googleusercontent.com/p/AF1QipMa7PgBwuhFDHe05SnrZ-9wnqxOAN9uCVcw_ZE2=w80-h141-k-no,,11.9538082,108.4616554,4.2,ChIJT36fmeQScTER8zOgfmdItvE
coffee,Azura coffee,14 Đ. Nam Hồ Phường 11 Thành phố Đà Lạt Lâm Đồng Việt Nam,https://lh5.googleusercontent.com/p/AF1QipNTWp9wZMjzCcka0Dqx9dhABOmHOR-W4KaBwiCn=w122-h92-k-no,,11.9452813,108.47768459999999,4.6,ChIJqcp1dQUTcTERGKtFGaCPO4k
coffee,Coosy Coffee,Phường 10 Tp. Đà Lạt Lâm Đồng Việt Nam,https://lh5.googleusercontent.com/p/AF1QipOm3gT6a11KeEauk4_GfWFnEhb78bNufxu8LfGc=w122-h92-k-no,,11.9381404,108.45607129999999,4.4,ChIJvdu_6xkTcTERJkS0S-_-DPE
